Workbook

Sheet tab4
A1: Rtime | B1: hra_rs | C1: hla_rs | D1: rcirOn | E1: lcirOn | F1: snow | G1: wet | H1: TR | I1: TC | J1: TA | L1: czas zdarzenia | M1: AP szyn | N1: AP zam. | O1: Obw.wzc. | P1: Obw.zam. | Q1: śnieg | R1: opad | S1: TSG [°C] | T1: TSZ [°C] | U1: TP [°C] | W1: Zignorować wartości błędne? | Y1: NIE | AA1: LEGENDA
A2: 6583e951 | B2: 0 | C2: 0 | D2: 0 | E2: 0 | F2: 0 | G2: 0 | H2: 30 | I2: 2d | J2: 0 | L2: =IF(AND((((HEX2DEC(A2)/60)/60)/24)+DATE(1970,1,1) >= DATE(YEAR((((HEX2DEC(A2)/60)/60)/24)+DATE(1970,1,1)),3,24)+WEEKDAY(DATE(YEAR((((HEX2DEC(A2)/60)/60)/24)+DATE(1970,1,1)),3,31)-1), (((HEX2DEC(A2)/60)/60)/24)+DATE(1970,1,1) < DATE(YEAR((((HEX2DEC(A2)/60)/60)/24)+DATE(1970,1,1)),11,1)+26-WEEKDAY(DATE(YEAR((((HEX2DEC(A2)/60)/60)/24)+DATE(1970,1,1)),11,1)-1)),(((HEX2DEC(A2)/60)/60)/24)+DATE(1970,1,1)+2/24,(((HEX2DEC(A2)/60)/60)/24)+DATE(1970,1,1)+1/24) -> 45281.354 | M2: =IF('tab4'!$B2=0,0,IF('tab4'!$B2=1,1,IF('tab4'!$B2=4,2,IF('tab4'!$B2=5,3,IF('tab4'!$B2=6,4,IF(AND('tab4'!$B2=80,$X$2=2),0,-1)))))) -> 0 | N2: =IF('tab4'!$C2=0,0,IF('tab4'!$C2=1,1,IF('tab4'!$C2=4,2,IF('tab4'!$C2=5,3,IF('tab4'!$C2=6,4,IF(AND('tab4'!$C2=80,$X$2=2),0,-1)))))) -> 0 | O2: =D2 -> 0 | P2: =E2 -> 0 | Q2: =F2 -> 0 | R2: =G2 -> 0 | S2: =IF(HEX2DEC(H2) >= 32768, (HEX2DEC(H2) - 65535 - 1)/10, IF(HEX2DEC(H2) = 32767, IF($X$2=2, S3, 32767), HEX2DEC(H2)/10 )) -> 4.8 | T2: =IF(HEX2DEC(I2) >= 32768, (HEX2DEC(I2) - 65535 - 1)/10, IF(HEX2DEC(I2) = 32767, IF($X$2=2, T3, 32767), HEX2DEC(I2)/10 )) -> 4.5 | U2: =IF(HEX2DEC(J2) >= 32768, (HEX2DEC(J2) - 65535 - 1)/10, IF(HEX2DEC(J2) = 32767, IF($X$2=2, U3, 32767), IF(OR(AND(H2="7fff", I2="7fff", J2="0",$X$2=2),AND(ABS(T2)>2, J2="0",$X$2=2)),U3,HEX2DEC(J2)/10 ))) -> 5.2 | X2: 2 | Y2: TAK | AA2: TP - temperatura powietrza | AE2: TSZ - temperatura szyny zimnej
A3: 6583e951 | B3: 0 | C3: 0 | D3: 0 | E3: 0 | F3: 0 | G3: 0 | H3: 30 | I3: 2d | J3: 34 | L3: =IF(AND((((HEX2DEC(A3)/60)/60)/24)+DATE(1970,1,1) >= DATE(YEAR((((HEX2DEC(A3)/60)/60)/24)+DATE(1970,1,1)),3,24)+WEEKDAY(DATE(YEAR((((HEX2DEC(A3)/60)/60)/24)+DATE(1970,1,1)),3,31)-1), (((HEX2DEC(A3)/60)/60)/24)+DATE(1970,1,1) < DATE(YEAR((((HEX2DEC(A3)/60)/60)/24)+DATE(1970,1,1)),11,1)+26-WEEKDAY(DATE(YEAR((((HEX2DEC(A3)/60)/60)/24)+DATE(1970,1,1)),11,1)-1)),(((HEX2DEC(A3)/60)/60)/24)+DATE(1970,1,1)+2/24,(((HEX2DEC(A3)/60)/60)/24)+DATE(1970,1,1)+1/24) -> 45281.354 | M3: =IF('tab4'!$B3=0,0,IF('tab4'!$B3=1,1,IF('tab4'!$B3=4,2,IF('tab4'!$B3=5,3,IF('tab4'!$B3=6,4,IF(AND('tab4'!$B3=80,$X$2=2),0,-1)))))) -> 0 | N3: =IF('tab4'!$C3=0,0,IF('tab4'!$C3=1,1,IF('tab4'!$C3=4,2,IF('tab4'!$C3=5,3,IF('tab4'!$C3=6,4,IF(AND('tab4'!$C3=80,$X$2=2),0,-1)))))) -> 0 | O3: =D3 -> 0 | P3: =E3 -> 0 | Q3: =F3 -> 0 | R3: =G3 -> 0 | S3: =IF(HEX2DEC(H3) >= 32768, (HEX2DEC(H3) - 65535 - 1)/10, IF(HEX2DEC(H3) = 32767, IF($X$2=2, S4, 32767), HEX2DEC(H3)/10 )) -> 4.8 | T3: =IF(HEX2DEC(I3) >= 32768, (HEX2DEC(I3) - 65535 - 1)/10, IF(HEX2DEC(I3) = 32767, IF($X$2=2, T4, 32767), HEX2DEC(I3)/10 )) -> 4.5 | U3: =IF(HEX2DEC(J3) >= 32768, (HEX2DEC(J3) - 65535 - 1)/10, IF(HEX2DEC(J3) = 32767, IF($X$2=2, U4, 32767), IF(OR(AND(H3="7fff", I3="7fff", J3="0",$X$2=2),AND(ABS(T3)>2, J3="0",$X$2=2)),U4,HEX2DEC(J3)/10 ))) -> 5.2 | AA3: TSG - temperatury szyny gorącej
A4: 6583e954 | B4: 0 | C4: 0 | D4: 0 | E4: 0 | F4: 0 | G4: 0 | H4: 2f | I4: 2d | J4: 34 | L4: =IF(AND((((HEX2DEC(A4)/60)/60)/24)+DATE(1970,1,1) >= DATE(YEAR((((HEX2DEC(A4)/60)/60)/24)+DATE(1970,1,1)),3,24)+WEEKDAY(DATE(YEAR((((HEX2DEC(A4)/60)/60)/24)+DATE(1970,1,1)),3,31)-1), (((HEX2DEC(A4)/60)/60)/24)+DATE(1970,1,1) < DATE(YEAR((((HEX2DEC(A4)/60)/60)/24)+DATE(1970,1,1)),11,1)+26-WEEKDAY(DATE(YEAR((((HEX2DEC(A4)/60)/60)/24)+DATE(1970,1,1)),11,1)-1)),(((HEX2DEC(A4)/60)/60)/24)+DATE(1970,1,1)+2/24,(((HEX2DEC(A4)/60)/60)/24)+DATE(1970,1,1)+1/24) -> 45281.354 | M4: =IF('tab4'!$B4=0,0,IF('tab4'!$B4=1,1,IF('tab4'!$B4=4,2,IF('tab4'!$B4=5,3,IF('tab4'!$B4=6,4,IF(AND('tab4'!$B4=80,$X$2=2),0,-1)))))) -> 0 | N4: =IF('tab4'!$C4=0,0,IF('tab4'!$C4=1,1,IF('tab4'!$C4=4,2,IF('tab4'!$C4=5,3,IF('tab4'!$C4=6,4,IF(AND('tab4'!$C4=80,$X$2=2),0,-1)))))) -> 0 | O4: =D4 -> 0 | P4: =E4 -> 0 | Q4: =F4 -> 0 | R4: =G4 -> 0 | S4: =IF(HEX2DEC(H4) >= 32768, (HEX2DEC(H4) - 65535 - 1)/10, IF(HEX2DEC(H4) = 32767, IF($X$2=2, S5, 32767), HEX2DEC(H4)/10 )) -> 4.7 | T4: =IF(HEX2DEC(I4) >= 32768, (HEX2DEC(I4) - 65535 - 1)/10, IF(HEX2DEC(I4) = 32767, IF($X$2=2, T5, 32767), HEX2DEC(I4)/10 )) -> 4.5 | U4: =IF(HEX2DEC(J4) >= 32768, (HEX2DEC(J4) - 65535 - 1)/10, IF(HEX2DEC(J4) = 32767, IF($X$2=2, U5, 32767), IF(OR(AND(H4="7fff", I4="7fff", J4="0",$X$2=2),AND(ABS(T4)>2, J4="0",$X$2=2)),U5,HEX2DEC(J4)/10 ))) -> 5.2
A5: 6583e9e4 | B5: 0 | C5: 0 | D5: 0 | E5: 0 | F5: 0 | G5: 0 | H5: 7fff | I5: 7fff | J5: 0 | L5: =IF(AND((((HEX2DEC(A5)/60)/60)/24)+DATE(1970,1,1) >= DATE(YEAR((((HEX2DEC(A5)/60)/60)/24)+DATE(1970,1,1)),3,24)+WEEKDAY(DATE(YEAR((((HEX2DEC(A5)/60)/60)/24)+DATE(1970,1,1)),3,31)-1), (((HEX2DEC(A5)/60)/60)/24)+DATE(1970,1,1) < DATE(YEAR((((HEX2DEC(A5)/60)/60)/24)+DATE(1970,1,1)),11,1)+26-WEEKDAY(DATE(YEAR((((HEX2DEC(A5)/60)/60)/24)+DATE(1970,1,1)),11,1)-1)),(((HEX2DEC(A5)/60)/60)/24)+DATE(1970,1,1)+2/24,(((HEX2DEC(A5)/60)/60)/24)+DATE(1970,1,1)+1/24) -> 45281.355 | M5: =IF('tab4'!$B5=0,0,IF('tab4'!$B5=1,1,IF('tab4'!$B5=4,2,IF('tab4'!$B5=5,3,IF('tab4'!$B5=6,4,IF(AND('tab4'!$B5=80,$X$2=2),0,-1)))))) -> 0 | N5: =IF('tab4'!$C5=0,0,IF('tab4'!$C5=1,1,IF('tab4'!$C5=4,2,IF('tab4'!$C5=5,3,IF('tab4'!$C5=6,4,IF(AND('tab4'!$C5=80,$X$2=2),0,-1)))))) -> 0 | O5: =D5 -> 0 | P5: =E5 -> 0 | Q5: =F5 -> 0 | R5: =G5 -> 0 | S5: =IF(HEX2DEC(H5) >= 32768, (HEX2DEC(H5) - 65535 - 1)/10, IF(HEX2DEC(H5) = 32767, IF($X$2=2, S6, 32767), HEX2DEC(H5)/10 )) -> 4.8 | T5: =IF(HEX2DEC(I5) >= 32768, (HEX2DEC(I5) - 65535 - 1)/10, IF(HEX2DEC(I5) = 32767, IF($X$2=2, T6, 32767), HEX2DEC(I5)/10 )) -> 4.5 | U5: =IF(HEX2DEC(J5) >= 32768, (HEX2DEC(J5) - 65535 - 1)/10, IF(HEX2DEC(J5) = 32767, IF($X$2=2, U6, 32767), IF(OR(AND(H5="7fff", I5="7fff", J5="0",$X$2=2),AND(ABS(T5)>2, J5="0",$X$2=2)),U6,HEX2DEC(J5)/10 ))) -> 5.2
A6: 6583e9e4 | B6: 0 | C6: 0 | D6: 0 | E6: 0 | F6: 0 | G6: 0 | H6: 7fff | I6: 7fff | J6: 34 | L6: =IF(AND((((HEX2DEC(A6)/60)/60)/24)+DATE(1970,1,1) >= DATE(YEAR((((HEX2DEC(A6)/60)/60)/24)+DATE(1970,1,1)),3,24)+WEEKDAY(DATE(YEAR((((HEX2DEC(A6)/60)/60)/24)+DATE(1970,1,1)),3,31)-1), (((HEX2DEC(A6)/60)/60)/24)+DATE(1970,1,1) < DATE(YEAR((((HEX2DEC(A6)/60)/60)/24)+DATE(1970,1,1)),11,1)+26-WEEKDAY(DATE(YEAR((((HEX2DEC(A6)/60)/60)/24)+DATE(1970,1,1)),11,1)-1)),(((HEX2DEC(A6)/60)/60)/24)+DATE(1970,1,1)+2/24,(((HEX2DEC(A6)/60)/60)/24)+DATE(1970,1,1)+1/24) -> 45281.355 | M6: =IF('tab4'!$B6=0,0,IF('tab4'!$B6=1,1,IF('tab4'!$B6=4,2,IF('tab4'!$B6=5,3,IF('tab4'!$B6=6,4,IF(AND('tab4'!$B6=80,$X$2=2),0,-1)))))) -> 0 | N6: =IF('tab4'!$C6=0,0,IF('tab4'!$C6=1,1,IF('tab4'!$C6=4,2,IF('tab4'!$C6=5,3,IF('tab4'!$C6=6,4,IF(AND('tab4'!$C6=80,$X$2=2),0,-1)))))) -> 0 | O6: =D6 -> 0 | P6: =E6 -> 0 | Q6: =F6 -> 0 | R6: =G6 -> 0 | S6: =IF(HEX2DEC(H6) >= 32768, (HEX2DEC(H6) - 65535 - 1)/10, IF(HEX2DEC(H6) = 32767, IF($X$2=2, S7, 32767), HEX2DEC(H6)/10 )) -> 4.8 | T6: =IF(HEX2DEC(I6) >= 32768, (HEX2DEC(I6) - 65535 - 1)/10, IF(HEX2DEC(I6) = 32767, IF($X$2=2, T7, 32767), HEX2DEC(I6)/10 )) -> 4.5 | U6: =IF(HEX2DEC(J6) >= 32768, (HEX2DEC(J6) - 65535 - 1)/10, IF(HEX2DEC(J6) = 32767, IF($X$2=2, U7, 32767), IF(OR(AND(H6="7fff", I6="7fff", J6="0",$X$2=2),AND(ABS(T6)>2, J6="0",$X$2=2)),U7,HEX2DEC(J6)/10 ))) -> 5.2
A7: 6583e9e6 | B7: 0 | C7: 0 | D7: 0 | E7: 0 | F7: 0 | G7: 0 | H7: 30 | I7: 2d | J7: 34 | L7: =IF(AND((((HEX2DEC(A7)/60)/60)/24)+DATE(1970,1,1) >= DATE(YEAR((((HEX2DEC(A7)/60)/60)/24)+DATE(1970,1,1)),3,24)+WEEKDAY(DATE(YEAR((((HEX2DEC(A7)/60)/60)/24)+DATE(1970,1,1)),3,31)-1), (((HEX2DEC(A7)/60)/60)/24)+DATE(1970,1,1) < DATE(YEAR((((HEX2DEC(A7)/60)/60)/24)+DATE(1970,1,1)),11,1)+26-WEEKDAY(DATE(YEAR((((HEX2DEC(A7)/60)/60)/24)+DATE(1970,1,1)),11,1)-1)),(((HEX2DEC(A7)/60)/60)/24)+DATE(1970,1,1)+2/24,(((HEX2DEC(A7)/60)/60)/24)+DATE(1970,1,1)+1/24) -> 45281.355 | M7: =IF('tab4'!$B7=0,0,IF('tab4'!$B7=1,1,IF('tab4'!$B7=4,2,IF('tab4'!$B7=5,3,IF('tab4'!$B7=6,4,IF(AND('tab4'!$B7=80,$X$2=2),0,-1)))))) -> 0 | N7: =IF('tab4'!$C7=0,0,IF('tab4'!$C7=1,1,IF('tab4'!$C7=4,2,IF('tab4'!$C7=5,3,IF('tab4'!$C7=6,4,IF(AND('tab4'!$C7=80,$X$2=2),0,-1)))))) -> 0 | O7: =D7 -> 0 | P7: =E7 -> 0 | Q7: =F7 -> 0 | R7: =G7 -> 0 | S7: =IF(HEX2DEC(H7) >= 32768, (HEX2DEC(H7) - 65535 - 1)/10, IF(HEX2DEC(H7) = 32767, IF($X$2=2, S8, 32767), HEX2DEC(H7)/10 )) -> 4.8 | T7: =IF(HEX2DEC(I7) >= 32768, (HEX2DEC(I7) - 65535 - 1)/10, IF(HEX2DEC(I7) = 32767, IF($X$2=2, T8, 32767), HEX2DEC(I7)/10 )) -> 4.5 | U7: =IF(HEX2DEC(J7) >= 32768, (HEX2DEC(J7) - 65535 - 1)/10, IF(HEX2DEC(J7) = 32767, IF($X$2=2, U8, 32767), IF(OR(AND(H7="7fff", I7="7fff", J7="0",$X$2=2),AND(ABS(T7)>2, J7="0",$X$2=2)),U8,HEX2DEC(J7)/10 ))) -> 5.2
A8: 6583e9e7 | B8: 0 | C8: 0 | D8: 0 | E8: 0 | F8: 0 | G8: 0 | H8: 30 | I8: 2d | J8: 34 | L8: =IF(AND((((HEX2DEC(A8)/60)/60)/24)+DATE(1970,1,1) >= DATE(YEAR((((HEX2DEC(A8)/60)/60)/24)+DATE(1970,1,1)),3,24)+WEEKDAY(DATE(YEAR((((HEX2DEC(A8)/60)/60)/24)+DATE(1970,1,1)),3,31)-1), (((HEX2DEC(A8)/60)/60)/24)+DATE(1970,1,1) < DATE(YEAR((((HEX2DEC(A8)/60)/60)/24)+DATE(1970,1,1)),11,1)+26-WEEKDAY(DATE(YEAR((((HEX2DEC(A8)/60)/60)/24)+DATE(1970,1,1)),11,1)-1)),(((HEX2DEC(A8)/60)/60)/24)+DATE(1970,1,1)+2/24,(((HEX2DEC(A8)/60)/60)/24)+DATE(1970,1,1)+1/24) -> 45281.355 | M8: =IF('tab4'!$B8=0,0,IF('tab4'!$B8=1,1,IF('tab4'!$B8=4,2,IF('tab4'!$B8=5,3,IF('tab4'!$B8=6,4,IF(AND('tab4'!$B8=80,$X$2=2),0,-1)))))) -> 0 | N8: =IF('tab4'!$C8=0,0,IF('tab4'!$C8=1,1,IF('tab4'!$C8=4,2,IF('tab4'!$C8=5,3,IF('tab4'!$C8=6,4,IF(AND('tab4'!$C8=80,$X$2=2),0,-1)))))) -> 0 | O8: =D8 -> 0 | P8: =E8 -> 0 | Q8: =F8 -> 0 | R8: =G8 -> 0 | S8: =IF(HEX2DEC(H8) >= 32768, (HEX2DEC(H8) - 65535 - 1)/10, IF(HEX2DEC(H8) = 32767, IF($X$2=2, S9, 32767), HEX2DEC(H8)/10 )) -> 4.8 | T8: =IF(HEX2DEC(I8) >= 32768, (HEX2DEC(I8) - 65535 - 1)/10, IF(HEX2DEC(I8) = 32767, IF($X$2=2, T9, 32767), HEX2DEC(I8)/10 )) -> 4.5 | U8: =IF(HEX2DEC(J8) >= 32768, (HEX2DEC(J8) - 65535 - 1)/10, IF(HEX2DEC(J8) = 32767, IF($X$2=2, U9, 32767), IF(OR(AND(H8="7fff", I8="7fff", J8="0",$X$2=2),AND(ABS(T8)>2, J8="0",$X$2=2)),U9,HEX2DEC(J8)/10 ))) -> 5.2
A9: 6583f965 | B9: 0 | C9: 0 | D9: 0 | E9: 0 | F9: 0 | G9: 1 | H9: 37 | I9: 35 | J9: 3d | L9: =IF(AND((((HEX2DEC(A9)/60)/60)/24)+DATE(1970,1,1) >= DATE(YEAR((((HEX2DEC(A9)/60)/60)/24)+DATE(1970,1,1)),3,24)+WEEKDAY(DATE(YEAR((((HEX2DEC(A9)/60)/60)/24)+DATE(1970,1,1)),3,31)-1), (((HEX2DEC(A9)/60)/60)/24)+DATE(1970,1,1) < DATE(YEAR((((HEX2DEC(A9)/60)/60)/24)+DATE(1970,1,1)),11,1)+26-WEEKDAY(DATE(YEAR((((HEX2DEC(A9)/60)/60)/24)+DATE(1970,1,1)),11,1)-1)),(((HEX2DEC(A9)/60)/60)/24)+DATE(1970,1,1)+2/24,(((HEX2DEC(A9)/60)/60)/24)+DATE(1970,1,1)+1/24) -> 45281.401 | M9: =IF('tab4'!$B9=0,0,IF('tab4'!$B9=1,1,IF('tab4'!$B9=4,2,IF('tab4'!$B9=5,3,IF('tab4'!$B9=6,4,IF(AND('tab4'!$B9=80,$X$2=2),0,-1)))))) -> 0 | N9: =IF('tab4'!$C9=0,0,IF('tab4'!$C9=1,1,IF('tab4'!$C9=4,2,IF('tab4'!$C9=5,3,IF('tab4'!$C9=6,4,IF(AND('tab4'!$C9=80,$X$2=2),0,-1)))))) -> 0 | O9: =D9 -> 0 | P9: =E9 -> 0 | Q9: =F9 -> 0 | R9: =G9 -> 1 | S9: =IF(HEX2DEC(H9) >= 32768, (HEX2DEC(H9) - 65535 - 1)/10, IF(HEX2DEC(H9) = 32767, IF($X$2=2, S10, 32767), HEX2DEC(H9)/10 )) -> 5.5 | T9: =IF(HEX2DEC(I9) >= 32768, (HEX2DEC(I9) - 65535 - 1)/10, IF(HEX2DEC(I9) = 32767, IF($X$2=2, T10, 32767), HEX2DEC(I9)/10 )) -> 5.3 | U9: =IF(HEX2DEC(J9) >= 32768, (HEX2DEC(J9) - 65535 - 1)/10, IF(HEX2DEC(J9) = 32767, IF($X$2=2, U10, 32767), IF(OR(AND(H9="7fff", I9="7fff", J9="0",$X$2=2),AND(ABS(T9)>2, J9="0",$X$2=2)),U10,HEX2DEC(J9)/10 ))) -> 6.1
A10: 6583feef | B10: 0 | C10: 0 | D10: 0 | E10: 0 | F10: 0 | G10: 0 | H10: 39 | I10: 37 | J10: 3c | L10: =IF(AND((((HEX2DEC(A10)/60)/60)/24)+DATE(1970,1,1) >= DATE(YEAR((((HEX2DEC(A10)/60)/60)/24)+DATE(1970,1,1)),3,24)+WEEKDAY(DATE(YEAR((((HEX2DEC(A10)/60)/60)/24)+DATE(1970,1,1)),3,31)-1), (((HEX2DEC(A10)/60)/60)/24)+DATE(1970,1,1) < DATE(YEAR((((HEX2DEC(A10)/60)/60)/24)+DATE(1970,1,1)),11,1)+26-WEEKDAY(DATE(YEAR((((HEX2DEC(A10)/60)/60)/24)+DATE(1970,1,1)),11,1)-1)),(((HEX2DEC(A10)/60)/60)/24)+DATE(1970,1,1)+2/24,(((HEX2DEC(A10)/60)/60)/24)+DATE(1970,1,1)+1/24) -> 45281.418 | M10: =IF('tab4'!$B10=0,0,IF('tab4'!$B10=1,1,IF('tab4'!$B10=4,2,IF('tab4'!$B10=5,3,IF('tab4'!$B10=6,4,IF(AND('tab4'!$B10=80,$X$2=2),0,-1)))))) -> 0 | N10: =IF('tab4'!$C10=0,0,IF('tab4'!$C10=1,1,IF('tab4'!$C10=4,2,IF('tab4'!$C10=5,3,IF('tab4'!$C10=6,4,IF(AND('tab4'!$C10=80,$X$2=2),0,-1)))))) -> 0 | O10: =D10 -> 0 | P10: =E10 -> 0 | Q10: =F10 -> 0 | R10: =G10 -> 0 | S10: =IF(HEX2DEC(H10) >= 32768, (HEX2DEC(H10) - 65535 - 1)/10, IF(HEX2DEC(H10) = 32767, IF($X$2=2, S11, 32767), HEX2DEC(H10)/10 )) -> 5.7 | T10: =IF(HEX2DEC(I10) >= 32768, (HEX2DEC(I10) - 65535 - 1)/10, IF(HEX2DEC(I10) = 32767, IF($X$2=2, T11, 32767), HEX2DEC(I10)/10 )) -> 5.5 | U10: =IF(HEX2DEC(J10) >= 32768, (HEX2DEC(J10) - 65535 - 1)/10, IF(HEX2DEC(J10) = 32767, IF($X$2=2, U11, 32767), IF(OR(AND(H10="7fff", I10="7fff", J10="0",$X$2=2),AND(ABS(T10)>2, J10="0",$X$2=2)),U11,HEX2DEC(J10)/10 ))) -> 6
A11: 658405ca | B11: 0 | C11: 0 | D11: 0 | E11: 0 | F11: 0 | G11: 1 | H11: 3b | I11: 39 | J11: 3b | L11: =IF(AND((((HEX2DEC(A11)/60)/60)/24)+DATE(1970,1,1) >= DATE(YEAR((((HEX2DEC(A11)/60)/60)/24)+DATE(1970,1,1)),3,24)+WEEKDAY(DATE(YEAR((((HEX2DEC(A11)/60)/60)/24)+DATE(1970,1,1)),3,31)-1), (((HEX2DEC(A11)/60)/60)/24)+DATE(1970,1,1) < DATE(YEAR((((HEX2DEC(A11)/60)/60)/24)+DATE(1970,1,1)),11,1)+26-WEEKDAY(DATE(YEAR((((HEX2DEC(A11)/60)/60)/24)+DATE(1970,1,1)),11,1)-1)),(((HEX2DEC(A11)/60)/60)/24)+DATE(1970,1,1)+2/24,(((HEX2DEC(A11)/60)/60)/24)+DATE(1970,1,1)+1/24) -> 45281.438 | M11: =IF('tab4'!$B11=0,0,IF('tab4'!$B11=1,1,IF('tab4'!$B11=4,2,IF('tab4'!$B11=5,3,IF('tab4'!$B11=6,4,IF(AND('tab4'!$B11=80,$X$2=2),0,-1)))))) -> 0 | N11: =IF('tab4'!$C11=0,0,IF('tab4'!$C11=1,1,IF('tab4'!$C11=4,2,IF('tab4'!$C11=5,3,IF('tab4'!$C11=6,4,IF(AND('tab4'!$C11=80,$X$2=2),0,-1)))))) -> 0 | O11: =D11 -> 0 | P11: =E11 -> 0 | Q11: =F11 -> 0 | R11: =G11 -> 1 | S11: =IF(HEX2DEC(H11) >= 32768, (HEX2DEC(H11) - 65535 - 1)/10, IF(HEX2DEC(H11) = 32767, IF($X$2=2, S12, 32767), HEX2DEC(H11)/10 )) -> 5.9 | T11: =IF(HEX2DEC(I11) >= 32768, (HEX2DEC(I11) - 65535 - 1)/10, IF(HEX2DEC(I11) = 32767, IF($X$2=2, T12, 32767), HEX2DEC(I11)/10 )) -> 5.7 | U11: =IF(HEX2DEC(J11) >= 32768, (HEX2DEC(J11) - 65535 - 1)/10, IF(HEX2DEC(J11) = 32767, IF($X$2=2, U12, 32767), IF(OR(AND(H11="7fff", I11="7fff", J11="0",$X$2=2),AND(ABS(T11)>2, J11="0",$X$2=2)),U12,HEX2DEC(J11)/10 ))) -> 5.9
A12: 65841eb7 | B12: 0 | C12: 0 | D12: 0 | E12: 0 | F12: 0 | G12: 0 | H12: 3c | I12: 38 | J12: 3b | L12: =IF(AND((((HEX2DEC(A12)/60)/60)/24)+DATE(1970,1,1) >= DATE(YEAR((((HEX2DEC(A12)/60)/60)/24)+DATE(1970,1,1)),3,24)+WEEKDAY(DATE(YEAR((((HEX2DEC(A12)/60)/60)/24)+DATE(1970,1,1)),3,31)-1), (((HEX2DEC(A12)/60)/60)/24)+DATE(1970,1,1) < DATE(YEAR((((HEX2DEC(A12)/60)/60)/24)+DATE(1970,1,1)),11,1)+26-WEEKDAY(DATE(YEAR((((HEX2DEC(A12)/60)/60)/24)+DATE(1970,1,1)),11,1)-1)),(((HEX2DEC(A12)/60)/60)/24)+DATE(1970,1,1)+2/24,(((HEX2DEC(A12)/60)/60)/24)+DATE(1970,1,1)+1/24) -> 45281.512 | M12: =IF('tab4'!$B12=0,0,IF('tab4'!$B12=1,1,IF('tab4'!$B12=4,2,IF('tab4'!$B12=5,3,IF('tab4'!$B12=6,4,IF(AND('tab4'!$B12=80,$X$2=2),0,-1)))))) -> 0 | N12: =IF('tab4'!$C12=0,0,IF('tab4'!$C12=1,1,IF('tab4'!$C12=4,2,IF('tab4'!$C12=5,3,IF('tab4'!$C12=6,4,IF(AND('tab4'!$C12=80,$X$2=2),0,-1)))))) -> 0 | O12: =D12 -> 0 | P12: =E12 -> 0 | Q12: =F12 -> 0 | R12: =G12 -> 0 | S12: =IF(HEX2DEC(H12) >= 32768, (HEX2DEC(H12) - 65535 - 1)/10, IF(HEX2DEC(H12) = 32767, IF($X$2=2, S13, 32767), HEX2DEC(H12)/10 )) -> 6 | T12: =IF(HEX2DEC(I12) >= 32768, (HEX2DEC(I12) - 65535 - 1)/10, IF(HEX2DEC(I12) = 32767, IF($X$2=2, T13, 32767), HEX2DEC(I12)/10 )) -> 5.6 | U12: =IF(HEX2DEC(J12) >= 32768, (HEX2DEC(J12) - 65535 - 1)/10, IF(HEX2DEC(J12) = 32767, IF($X$2=2, U13, 32767), IF(OR(AND(H12="7fff", I12="7fff", J12="0",$X$2=2),AND(ABS(T12)>2, J12="0",$X$2=2)),U13,HEX2DEC(J12)/10 ))) -> 5.9
A13: 65841ef1 | B13: 0 | C13: 0 | D13: 0 | E13: 0 | F13: 0 | G13: 1 | H13: 3c | I13: 38 | J13: 3c | L13: =IF(AND((((HEX2DEC(A13)/60)/60)/24)+DATE(1970,1,1) >= DATE(YEAR((((HEX2DEC(A13)/60)/60)/24)+DATE(1970,1,1)),3,24)+WEEKDAY(DATE(YEAR((((HEX2DEC(A13)/60)/60)/24)+DATE(1970,1,1)),3,31)-1), (((HEX2DEC(A13)/60)/60)/24)+DATE(1970,1,1) < DATE(YEAR((((HEX2DEC(A13)/60)/60)/24)+DATE(1970,1,1)),11,1)+26-WEEKDAY(DATE(YEAR((((HEX2DEC(A13)/60)/60)/24)+DATE(1970,1,1)),11,1)-1)),(((HEX2DEC(A13)/60)/60)/24)+DATE(1970,1,1)+2/24,(((HEX2DEC(A13)/60)/60)/24)+DATE(1970,1,1)+1/24) -> 45281.513 | M13: =IF('tab4'!$B13=0,0,IF('tab4'!$B13=1,1,IF('tab4'!$B13=4,2,IF('tab4'!$B13=5,3,IF('tab4'!$B13=6,4,IF(AND('tab4'!$B13=80,$X$2=2),0,-1)))))) -> 0 | N13: =IF('tab4'!$C13=0,0,IF('tab4'!$C13=1,1,IF('tab4'!$C13=4,2,IF('tab4'!$C13=5,3,IF('tab4'!$C13=6,4,IF(AND('tab4'!$C13=80,$X$2=2),0,-1)))))) -> 0 | O13: =D13 -> 0 | P13: =E13 -> 0 | Q13: =F13 -> 0 | R13: =G13 -> 1 | S13: =IF(HEX2DEC(H13) >= 32768, (HEX2DEC(H13) - 65535 - 1)/10, IF(HEX2DEC(H13) = 32767, IF($X$2=2, S14, 32767), HEX2DEC(H13)/10 )) -> 6 | T13: =IF(HEX2DEC(I13) >= 32768, (HEX2DEC(I13) - 65535 - 1)/10, IF(HEX2DEC(I13) = 32767, IF($X$2=2, T14, 32767), HEX2DEC(I13)/10 )) -> 5.6 | U13: =IF(HEX2DEC(J13) >= 32768, (HEX2DEC(J13) - 65535 - 1)/10, IF(HEX2DEC(J13) = 32767, IF($X$2=2, U14, 32767), IF(OR(AND(H13="7fff", I13="7fff", J13="0",$X$2=2),AND(ABS(T13)>2, J13="0",$X$2=2)),U14,HEX2DEC(J13)/10 ))) -> 6
A14: 65843b11 | B14: 0 | C14: 0 | D14: 0 | E14: 0 | F14: 0 | G14: 1 | H14: 3e | I14: 39 | J14: 3d | L14: =IF(AND((((HEX2DEC(A14)/60)/60)/24)+DATE(1970,1,1) >= DATE(YEAR((((HEX2DEC(A14)/60)/60)/24)+DATE(1970,1,1)),3,24)+WEEKDAY(DATE(YEAR((((HEX2DEC(A14)/60)/60)/24)+DATE(1970,1,1)),3,31)-1), (((HEX2DEC(A14)/60)/60)/24)+DATE(1970,1,1) < DATE(YEAR((((HEX2DEC(A14)/60)/60)/24)+DATE(1970,1,1)),11,1)+26-WEEKDAY(DATE(YEAR((((HEX2DEC(A14)/60)/60)/24)+DATE(1970,1,1)),11,1)-1)),(((HEX2DEC(A14)/60)/60)/24)+DATE(1970,1,1)+2/24,(((HEX2DEC(A14)/60)/60)/24)+DATE(1970,1,1)+1/24) -> 45281.596 | M14: =IF('tab4'!$B14=0,0,IF('tab4'!$B14=1,1,IF('tab4'!$B14=4,2,IF('tab4'!$B14=5,3,IF('tab4'!$B14=6,4,IF(AND('tab4'!$B14=80,$X$2=2),0,-1)))))) -> 0 | N14: =IF('tab4'!$C14=0,0,IF('tab4'!$C14=1,1,IF('tab4'!$C14=4,2,IF('tab4'!$C14=5,3,IF('tab4'!$C14=6,4,IF(AND('tab4'!$C14=80,$X$2=2),0,-1)))))) -> 0 | O14: =D14 -> 0 | P14: =E14 -> 0 | Q14: =F14 -> 0 | R14: =G14 -> 1 | S14: =IF(HEX2DEC(H14) >= 32768, (HEX2DEC(H14) - 65535 - 1)/10, IF(HEX2DEC(H14) = 32767, IF($X$2=2, S15, 32767), HEX2DEC(H14)/10 )) -> 6.2 | T14: =IF(HEX2DEC(I14) >= 32768, (HEX2DEC(I14) - 65535 - 1)/10, IF(HEX2DEC(I14) = 32767, IF($X$2=2, T15, 32767), HEX2DEC(I14)/10 )) -> 5.7 | U14: =IF(HEX2DEC(J14) >= 32768, (HEX2DEC(J14) - 65535 - 1)/10, IF(HEX2DEC(J14) = 32767, IF($X$2=2, U15, 32767), IF(OR(AND(H14="7fff", I14="7fff", J14="0",$X$2=2),AND(ABS(T14)>2, J14="0",$X$2=2)),U15,HEX2DEC(J14)/10 ))) -> 6.1
A15: 65844c1c | B15: 0 | C15: 0 | D15: 0 | E15: 0 | F15: 0 | G15: 0 | H15: 3d | I15: 38 | J15: 40 | L15: =IF(AND((((HEX2DEC(A15)/60)/60)/24)+DATE(1970,1,1) >= DATE(YEAR((((HEX2DEC(A15)/60)/60)/24)+DATE(1970,1,1)),3,24)+WEEKDAY(DATE(YEAR((((HEX2DEC(A15)/60)/60)/24)+DATE(1970,1,1)),3,31)-1), (((HEX2DEC(A15)/60)/60)/24)+DATE(1970,1,1) < DATE(YEAR((((HEX2DEC(A15)/60)/60)/24)+DATE(1970,1,1)),11,1)+26-WEEKDAY(DATE(YEAR((((HEX2DEC(A15)/60)/60)/24)+DATE(1970,1,1)),11,1)-1)),(((HEX2DEC(A15)/60)/60)/24)+DATE(1970,1,1)+2/24,(((HEX2DEC(A15)/60)/60)/24)+DATE(1970,1,1)+1/24) -> 45281.646 | M15: =IF('tab4'!$B15=0,0,IF('tab4'!$B15=1,1,IF('tab4'!$B15=4,2,IF('tab4'!$B15=5,3,IF('tab4'!$B15=6,4,IF(AND('tab4'!$B15=80,$X$2=2),0,-1)))))) -> 0 | N15: =IF('tab4'!$C15=0,0,IF('tab4'!$C15=1,1,IF('tab4'!$C15=4,2,IF('tab4'!$C15=5,3,IF('tab4'!$C15=6,4,IF(AND('tab4'!$C15=80,$X$2=2),0,-1)))))) -> 0 | O15: =D15 -> 0 | P15: =E15 -> 0 | Q15: =F15 -> 0 | R15: =G15 -> 0 | S15: =IF(HEX2DEC(H15) >= 32768, (HEX2DEC(H15) - 65535 - 1)/10, IF(HEX2DEC(H15) = 32767, IF($X$2=2, S16, 32767), HEX2DEC(H15)/10 )) -> 6.1 | T15: =IF(HEX2DEC(I15) >= 32768, (HEX2DEC(I15) - 65535 - 1)/10, IF(HEX2DEC(I15) = 32767, IF($X$2=2, T16, 32767), HEX2DEC(I15)/10 )) -> 5.6 | U15: =IF(HEX2DEC(J15) >= 32768, (HEX2DEC(J15) - 65535 - 1)/10, IF(HEX2DEC(J15) = 32767, IF($X$2=2, U16, 32767), IF(OR(AND(H15="7fff", I15="7fff", J15="0",$X$2=2),AND(ABS(T15)>2, J15="0",$X$2=2)),U16,HEX2DEC(J15)/10 ))) -> 6.4
... A1147: 65b8846f | B1147: 0 | C1147: 4 | D1147: 0 | E1147: 1 | F1147: 0 | G1147: 0 | H1147: ffe4 | I1147: ffd8 | J1147: ffe2 | L1147: =IF(AND((((HEX2DEC(A1147)/60)/60)/24)+DATE(1970,1,1) >= DATE(YEAR((((HEX2DEC(A1147)/60)/60)/24)+DATE(1970,1,1)),3,24)+WEEKDAY(DATE(YEAR((((HEX2DEC(A1147)/60)/60)/24)+DATE(1970,1,1)),3,31)-1), (((HEX2DEC(A1147)/60)/60)/24)+DATE(1970,1,1) < DATE(YEAR((((HEX2DEC(A1147)/60)/60)/24)+DATE(1970,1,1)),11,1)+26-WEEKDAY(DATE(YEAR((((HEX2DEC(A1147)/60)/60)/24)+DATE(1970,1,1)),11,1)-1)),(((HEX2DEC(A1147)/60)/60)/24)+DATE(1970,1,1)+2/24,(((HEX2DEC(A1147)/60)/60)/24)+DATE(1970,1,1)+1/24) -> 45321.256 | M1147: =IF('tab4'!$B1147=0,0,IF('tab4'!$B1147=1,1,IF('tab4'!$B1147=4,2,IF('tab4'!$B1147=5,3,IF('tab4'!$B1147=6,4,IF(AND('tab4'!$B1147=80,$X$2=2),0,-1)))))) -> 0 | N1147: =IF('tab4'!$C1147=0,0,IF('tab4'!$C1147=1,1,IF('tab4'!$C1147=4,2,IF('tab4'!$C1147=5,3,IF('tab4'!$C1147=6,4,IF(AND('tab4'!$C1147=80,$X$2=2),0,-1)))))) -> 2 | O1147: =D1147 -> 0 | P1147: =E1147 -> 1 | Q1147: =F1147 -> 0 | R1147: =G1147 -> 0 | S1147: =IF(HEX2DEC(H1147) >= 32768, (HEX2DEC(H1147) - 65535 - 1)/10, IF(HEX2DEC(H1147) = 32767, IF($X$2=2, S1148, 32767), HEX2DEC(H1147)/10 )) -> -2.8 | T1147: =IF(HEX2DEC(I1147) >= 32768, (HEX2DEC(I1147) - 65535 - 1)/10, IF(HEX2DEC(I1147) = 32767, IF($X$2=2, T1148, 32767), HEX2DEC(I1147)/10 )) -> -4 | U1147: =IF(HEX2DEC(J1147) >= 32768, (HEX2DEC(J1147) - 65535 - 1)/10, IF(HEX2DEC(J1147) = 32767, IF($X$2=2, U1148, 32767), IF(OR(AND(H1147="7fff", I1147="7fff", J1147="0",$X$2=2),AND(ABS(T1147)>2, J1147="0",$X$2=2)),U1148,HEX2DEC(J1147)/10 ))) -> -3
A1148: 65b8a090 | B1148: 0 | C1148: 4 | D1148: 0 | E1148: 1 | F1148: 0 | G1148: 0 | H1148: ffe4 | I1148: ffda | J1148: 9 | L1148: =IF(AND((((HEX2DEC(A1148)/60)/60)/24)+DATE(1970,1,1) >= DATE(YEAR((((HEX2DEC(A1148)/60)/60)/24)+DATE(1970,1,1)),3,24)+WEEKDAY(DATE(YEAR((((HEX2DEC(A1148)/60)/60)/24)+DATE(1970,1,1)),3,31)-1), (((HEX2DEC(A1148)/60)/60)/24)+DATE(1970,1,1) < DATE(YEAR((((HEX2DEC(A1148)/60)/60)/24)+DATE(1970,1,1)),11,1)+26-WEEKDAY(DATE(YEAR((((HEX2DEC(A1148)/60)/60)/24)+DATE(1970,1,1)),11,1)-1)),(((HEX2DEC(A1148)/60)/60)/24)+DATE(1970,1,1)+2/24,(((HEX2DEC(A1148)/60)/60)/24)+DATE(1970,1,1)+1/24) -> 45321.34 | M1148: =IF('tab4'!$B1148=0,0,IF('tab4'!$B1148=1,1,IF('tab4'!$B1148=4,2,IF('tab4'!$B1148=5,3,IF('tab4'!$B1148=6,4,IF(AND('tab4'!$B1148=80,$X$2=2),0,-1)))))) -> 0 | N1148: =IF('tab4'!$C1148=0,0,IF('tab4'!$C1148=1,1,IF('tab4'!$C1148=4,2,IF('tab4'!$C1148=5,3,IF('tab4'!$C1148=6,4,IF(AND('tab4'!$C1148=80,$X$2=2),0,-1)))))) -> 2 | O1148: =D1148 -> 0 | P1148: =E1148 -> 1 | Q1148: =F1148 -> 0 | R1148: =G1148 -> 0 | S1148: =IF(HEX2DEC(H1148) >= 32768, (HEX2DEC(H1148) - 65535 - 1)/10, IF(HEX2DEC(H1148) = 32767, IF($X$2=2, S1149, 32767), HEX2DEC(H1148)/10 )) -> -2.8 | T1148: =IF(HEX2DEC(I1148) >= 32768, (HEX2DEC(I1148) - 65535 - 1)/10, IF(HEX2DEC(I1148) = 32767, IF($X$2=2, T1149, 32767), HEX2DEC(I1148)/10 )) -> -3.8 | U1148: =IF(HEX2DEC(J1148) >= 32768, (HEX2DEC(J1148) - 65535 - 1)/10, IF(HEX2DEC(J1148) = 32767, IF($X$2=2, U1149, 32767), IF(OR(AND(H1148="7fff", I1148="7fff", J1148="0",$X$2=2),AND(ABS(T1148)>2, J1148="0",$X$2=2)),U1149,HEX2DEC(J1148)/10 ))) -> 0.9
A1149: 65b8b34e | B1149: 0 | C1149: 0 | D1149: 0 | E1149: 0 | F1149: 0 | G1149: 0 | H1149: 9 | I1149: 29 | J1149: 56 | L1149: =IF(AND((((HEX2DEC(A1149)/60)/60)/24)+DATE(1970,1,1) >= DATE(YEAR((((HEX2DEC(A1149)/60)/60)/24)+DATE(1970,1,1)),3,24)+WEEKDAY(DATE(YEAR((((HEX2DEC(A1149)/60)/60)/24)+DATE(1970,1,1)),3,31)-1), (((HEX2DEC(A1149)/60)/60)/24)+DATE(1970,1,1) < DATE(YEAR((((HEX2DEC(A1149)/60)/60)/24)+DATE(1970,1,1)),11,1)+26-WEEKDAY(DATE(YEAR((((HEX2DEC(A1149)/60)/60)/24)+DATE(1970,1,1)),11,1)-1)),(((HEX2DEC(A1149)/60)/60)/24)+DATE(1970,1,1)+2/24,(((HEX2DEC(A1149)/60)/60)/24)+DATE(1970,1,1)+1/24) -> 45321.395 | M1149: =IF('tab4'!$B1149=0,0,IF('tab4'!$B1149=1,1,IF('tab4'!$B1149=4,2,IF('tab4'!$B1149=5,3,IF('tab4'!$B1149=6,4,IF(AND('tab4'!$B1149=80,$X$2=2),0,-1)))))) -> 0 | N1149: =IF('tab4'!$C1149=0,0,IF('tab4'!$C1149=1,1,IF('tab4'!$C1149=4,2,IF('tab4'!$C1149=5,3,IF('tab4'!$C1149=6,4,IF(AND('tab4'!$C1149=80,$X$2=2),0,-1)))))) -> 0 | O1149: =D1149 -> 0 | P1149: =E1149 -> 0 | Q1149: =F1149 -> 0 | R1149: =G1149 -> 0 | S1149: =IF(HEX2DEC(H1149) >= 32768, (HEX2DEC(H1149) - 65535 - 1)/10, IF(HEX2DEC(H1149) = 32767, IF($X$2=2, S1150, 32767), HEX2DEC(H1149)/10 )) -> 0.9 | T1149: =IF(HEX2DEC(I1149) >= 32768, (HEX2DEC(I1149) - 65535 - 1)/10, IF(HEX2DEC(I1149) = 32767, IF($X$2=2, T1150, 32767), HEX2DEC(I1149)/10 )) -> 4.1 | U1149: =IF(HEX2DEC(J1149) >= 32768, (HEX2DEC(J1149) - 65535 - 1)/10, IF(HEX2DEC(J1149) = 32767, IF($X$2=2, U1150, 32767), IF(OR(AND(H1149="7fff", I1149="7fff", J1149="0",$X$2=2),AND(ABS(T1149)>2, J1149="0",$X$2=2)),U1150,HEX2DEC(J1149)/10 ))) -> 8.6
A1150: 65b8cf6e | B1150: 0 | C1150: 0 | D1150: 0 | E1150: 0 | F1150: 0 | G1150: 0 | H1150: 58 | I1150: b0 | J1150: 8a | L1150: =IF(AND((((HEX2DEC(A1150)/60)/60)/24)+DATE(1970,1,1) >= DATE(YEAR((((HEX2DEC(A1150)/60)/60)/24)+DATE(1970,1,1)),3,24)+WEEKDAY(DATE(YEAR((((HEX2DEC(A1150)/60)/60)/24)+DATE(1970,1,1)),3,31)-1), (((HEX2DEC(A1150)/60)/60)/24)+DATE(1970,1,1) < DATE(YEAR((((HEX2DEC(A1150)/60)/60)/24)+DATE(1970,1,1)),11,1)+26-WEEKDAY(DATE(YEAR((((HEX2DEC(A1150)/60)/60)/24)+DATE(1970,1,1)),11,1)-1)),(((HEX2DEC(A1150)/60)/60)/24)+DATE(1970,1,1)+2/24,(((HEX2DEC(A1150)/60)/60)/24)+DATE(1970,1,1)+1/24) -> 45321.478 | M1150: =IF('tab4'!$B1150=0,0,IF('tab4'!$B1150=1,1,IF('tab4'!$B1150=4,2,IF('tab4'!$B1150=5,3,IF('tab4'!$B1150=6,4,IF(AND('tab4'!$B1150=80,$X$2=2),0,-1)))))) -> 0 | N1150: =IF('tab4'!$C1150=0,0,IF('tab4'!$C1150=1,1,IF('tab4'!$C1150=4,2,IF('tab4'!$C1150=5,3,IF('tab4'!$C1150=6,4,IF(AND('tab4'!$C1150=80,$X$2=2),0,-1)))))) -> 0 | O1150: =D1150 -> 0 | P1150: =E1150 -> 0 | Q1150: =F1150 -> 0 | R1150: =G1150 -> 0 | S1150: =IF(HEX2DEC(H1150) >= 32768, (HEX2DEC(H1150) - 65535 - 1)/10, IF(HEX2DEC(H1150) = 32767, IF($X$2=2, S1151, 32767), HEX2DEC(H1150)/10 )) -> 8.8 | T1150: =IF(HEX2DEC(I1150) >= 32768, (HEX2DEC(I1150) - 65535 - 1)/10, IF(HEX2DEC(I1150) = 32767, IF($X$2=2, T1151, 32767), HEX2DEC(I1150)/10 )) -> 17.6 | U1150: =IF(HEX2DEC(J1150) >= 32768, (HEX2DEC(J1150) - 65535 - 1)/10, IF(HEX2DEC(J1150) = 32767, IF($X$2=2, U1151, 32767), IF(OR(AND(H1150="7fff", I1150="7fff", J1150="0",$X$2=2),AND(ABS(T1150)>2, J1150="0",$X$2=2)),U1151,HEX2DEC(J1150)/10 ))) -> 13.8
A1151: 65b8eb8e | B1151: 0 | C1151: 0 | D1151: 0 | E1151: 0 | F1151: 0 | G1151: 0 | H1151: 80 | I1151: bd | J1151: 7a | L1151: =IF(AND((((HEX2DEC(A1151)/60)/60)/24)+DATE(1970,1,1) >= DATE(YEAR((((HEX2DEC(A1151)/60)/60)/24)+DATE(1970,1,1)),3,24)+WEEKDAY(DATE(YEAR((((HEX2DEC(A1151)/60)/60)/24)+DATE(1970,1,1)),3,31)-1), (((HEX2DEC(A1151)/60)/60)/24)+DATE(1970,1,1) < DATE(YEAR((((HEX2DEC(A1151)/60)/60)/24)+DATE(1970,1,1)),11,1)+26-WEEKDAY(DATE(YEAR((((HEX2DEC(A1151)/60)/60)/24)+DATE(1970,1,1)),11,1)-1)),(((HEX2DEC(A1151)/60)/60)/24)+DATE(1970,1,1)+2/24,(((HEX2DEC(A1151)/60)/60)/24)+DATE(1970,1,1)+1/24) -> 45321.562 | M1151: =IF('tab4'!$B1151=0,0,IF('tab4'!$B1151=1,1,IF('tab4'!$B1151=4,2,IF('tab4'!$B1151=5,3,IF('tab4'!$B1151=6,4,IF(AND('tab4'!$B1151=80,$X$2=2),0,-1)))))) -> 0 | N1151: =IF('tab4'!$C1151=0,0,IF('tab4'!$C1151=1,1,IF('tab4'!$C1151=4,2,IF('tab4'!$C1151=5,3,IF('tab4'!$C1151=6,4,IF(AND('tab4'!$C1151=80,$X$2=2),0,-1)))))) -> 0 | O1151: =D1151 -> 0 | P1151: =E1151 -> 0 | Q1151: =F1151 -> 0 | R1151: =G1151 -> 0 | S1151: =IF(HEX2DEC(H1151) >= 32768, (HEX2DEC(H1151) - 65535 - 1)/10, IF(HEX2DEC(H1151) = 32767, IF($X$2=2, S1152, 32767), HEX2DEC(H1151)/10 )) -> 12.8 | T1151: =IF(HEX2DEC(I1151) >= 32768, (HEX2DEC(I1151) - 65535 - 1)/10, IF(HEX2DEC(I1151) = 32767, IF($X$2=2, T1152, 32767), HEX2DEC(I1151)/10 )) -> 18.9 | U1151: =IF(HEX2DEC(J1151) >= 32768, (HEX2DEC(J1151) - 65535 - 1)/10, IF(HEX2DEC(J1151) = 32767, IF($X$2=2, U1152, 32767), IF(OR(AND(H1151="7fff", I1151="7fff", J1151="0",$X$2=2),AND(ABS(T1151)>2, J1151="0",$X$2=2)),U1152,HEX2DEC(J1151)/10 ))) -> 12.2
A1152: 65b907af | B1152: 0 | C1152: 0 | D1152: 0 | E1152: 0 | F1152: 0 | G1152: 0 | H1152: 6b | I1152: 78 | J1152: 58 | L1152: =IF(AND((((HEX2DEC(A1152)/60)/60)/24)+DATE(1970,1,1) >= DATE(YEAR((((HEX2DEC(A1152)/60)/60)/24)+DATE(1970,1,1)),3,24)+WEEKDAY(DATE(YEAR((((HEX2DEC(A1152)/60)/60)/24)+DATE(1970,1,1)),3,31)-1), (((HEX2DEC(A1152)/60)/60)/24)+DATE(1970,1,1) < DATE(YEAR((((HEX2DEC(A1152)/60)/60)/24)+DATE(1970,1,1)),11,1)+26-WEEKDAY(DATE(YEAR((((HEX2DEC(A1152)/60)/60)/24)+DATE(1970,1,1)),11,1)-1)),(((HEX2DEC(A1152)/60)/60)/24)+DATE(1970,1,1)+2/24,(((HEX2DEC(A1152)/60)/60)/24)+DATE(1970,1,1)+1/24) -> 45321.645 | M1152: =IF('tab4'!$B1152=0,0,IF('tab4'!$B1152=1,1,IF('tab4'!$B1152=4,2,IF('tab4'!$B1152=5,3,IF('tab4'!$B1152=6,4,IF(AND('tab4'!$B1152=80,$X$2=2),0,-1)))))) -> 0 | N1152: =IF('tab4'!$C1152=0,0,IF('tab4'!$C1152=1,1,IF('tab4'!$C1152=4,2,IF('tab4'!$C1152=5,3,IF('tab4'!$C1152=6,4,IF(AND('tab4'!$C1152=80,$X$2=2),0,-1)))))) -> 0 | O1152: =D1152 -> 0 | P1152: =E1152 -> 0 | Q1152: =F1152 -> 0 | R1152: =G1152 -> 0 | S1152: =IF(HEX2DEC(H1152) >= 32768, (HEX2DEC(H1152) - 65535 - 1)/10, IF(HEX2DEC(H1152) = 32767, IF($X$2=2, S1153, 32767), HEX2DEC(H1152)/10 )) -> 10.7 | T1152: =IF(HEX2DEC(I1152) >= 32768, (HEX2DEC(I1152) - 65535 - 1)/10, IF(HEX2DEC(I1152) = 32767, IF($X$2=2, T1153, 32767), HEX2DEC(I1152)/10 )) -> 12 | U1152: =IF(HEX2DEC(J1152) >= 32768, (HEX2DEC(J1152) - 65535 - 1)/10, IF(HEX2DEC(J1152) = 32767, IF($X$2=2, U1153, 32767), IF(OR(AND(H1152="7fff", I1152="7fff", J1152="0",$X$2=2),AND(ABS(T1152)>2, J1152="0",$X$2=2)),U1153,HEX2DEC(J1152)/10 ))) -> 8.8
A1153: 65b923d0 | B1153: 0 | C1153: 0 | D1153: 0 | E1153: 0 | F1153: 0 | G1153: 0 | H1153: 48 | I1153: 42 | J1153: 38 | L1153: =IF(AND((((HEX2DEC(A1153)/60)/60)/24)+DATE(1970,1,1) >= DATE(YEAR((((HEX2DEC(A1153)/60)/60)/24)+DATE(1970,1,1)),3,24)+WEEKDAY(DATE(YEAR((((HEX2DEC(A1153)/60)/60)/24)+DATE(1970,1,1)),3,31)-1), (((HEX2DEC(A1153)/60)/60)/24)+DATE(1970,1,1) < DATE(YEAR((((HEX2DEC(A1153)/60)/60)/24)+DATE(1970,1,1)),11,1)+26-WEEKDAY(DATE(YEAR((((HEX2DEC(A1153)/60)/60)/24)+DATE(1970,1,1)),11,1)-1)),(((HEX2DEC(A1153)/60)/60)/24)+DATE(1970,1,1)+2/24,(((HEX2DEC(A1153)/60)/60)/24)+DATE(1970,1,1)+1/24) -> 45321.729 | M1153: =IF('tab4'!$B1153=0,0,IF('tab4'!$B1153=1,1,IF('tab4'!$B1153=4,2,IF('tab4'!$B1153=5,3,IF('tab4'!$B1153=6,4,IF(AND('tab4'!$B1153=80,$X$2=2),0,-1)))))) -> 0 | N1153: =IF('tab4'!$C1153=0,0,IF('tab4'!$C1153=1,1,IF('tab4'!$C1153=4,2,IF('tab4'!$C1153=5,3,IF('tab4'!$C1153=6,4,IF(AND('tab4'!$C1153=80,$X$2=2),0,-1)))))) -> 0 | O1153: =D1153 -> 0 | P1153: =E1153 -> 0 | Q1153: =F1153 -> 0 | R1153: =G1153 -> 0 | S1153: =IF(HEX2DEC(H1153) >= 32768, (HEX2DEC(H1153) - 65535 - 1)/10, IF(HEX2DEC(H1153) = 32767, IF($X$2=2, S1154, 32767), HEX2DEC(H1153)/10 )) -> 7.2 | T1153: =IF(HEX2DEC(I1153) >= 32768, (HEX2DEC(I1153) - 65535 - 1)/10, IF(HEX2DEC(I1153) = 32767, IF($X$2=2, T1154, 32767), HEX2DEC(I1153)/10 )) -> 6.6 | U1153: =IF(HEX2DEC(J1153) >= 32768, (HEX2DEC(J1153) - 65535 - 1)/10, IF(HEX2DEC(J1153) = 32767, IF($X$2=2, U1154, 32767), IF(OR(AND(H1153="7fff", I1153="7fff", J1153="0",$X$2=2),AND(ABS(T1153)>2, J1153="0",$X$2=2)),U1154,HEX2DEC(J1153)/10 ))) -> 5.6
A1154: 65b93ff1 | B1154: 0 | C1154: 0 | D1154: 0 | E1154: 0 | F1154: 0 | G1154: 0 | H1154: 31 | I1154: 25 | J1154: 24 | L1154: =IF(AND((((HEX2DEC(A1154)/60)/60)/24)+DATE(1970,1,1) >= DATE(YEAR((((HEX2DEC(A1154)/60)/60)/24)+DATE(1970,1,1)),3,24)+WEEKDAY(DATE(YEAR((((HEX2DEC(A1154)/60)/60)/24)+DATE(1970,1,1)),3,31)-1), (((HEX2DEC(A1154)/60)/60)/24)+DATE(1970,1,1) < DATE(YEAR((((HEX2DEC(A1154)/60)/60)/24)+DATE(1970,1,1)),11,1)+26-WEEKDAY(DATE(YEAR((((HEX2DEC(A1154)/60)/60)/24)+DATE(1970,1,1)),11,1)-1)),(((HEX2DEC(A1154)/60)/60)/24)+DATE(1970,1,1)+2/24,(((HEX2DEC(A1154)/60)/60)/24)+DATE(1970,1,1)+1/24) -> 45321.812 | M1154: =IF('tab4'!$B1154=0,0,IF('tab4'!$B1154=1,1,IF('tab4'!$B1154=4,2,IF('tab4'!$B1154=5,3,IF('tab4'!$B1154=6,4,IF(AND('tab4'!$B1154=80,$X$2=2),0,-1)))))) -> 0 | N1154: =IF('tab4'!$C1154=0,0,IF('tab4'!$C1154=1,1,IF('tab4'!$C1154=4,2,IF('tab4'!$C1154=5,3,IF('tab4'!$C1154=6,4,IF(AND('tab4'!$C1154=80,$X$2=2),0,-1)))))) -> 0 | O1154: =D1154 -> 0 | P1154: =E1154 -> 0 | Q1154: =F1154 -> 0 | R1154: =G1154 -> 0 | S1154: =IF(HEX2DEC(H1154) >= 32768, (HEX2DEC(H1154) - 65535 - 1)/10, IF(HEX2DEC(H1154) = 32767, IF($X$2=2, S1155, 32767), HEX2DEC(H1154)/10 )) -> 4.9 | T1154: =IF(HEX2DEC(I1154) >= 32768, (HEX2DEC(I1154) - 65535 - 1)/10, IF(HEX2DEC(I1154) = 32767, IF($X$2=2, T1155, 32767), HEX2DEC(I1154)/10 )) -> 3.7 | U1154: =IF(HEX2DEC(J1154) >= 32768, (HEX2DEC(J1154) - 65535 - 1)/10, IF(HEX2DEC(J1154) = 32767, IF($X$2=2, U1155, 32767), IF(OR(AND(H1154="7fff", I1154="7fff", J1154="0",$X$2=2),AND(ABS(T1154)>2, J1154="0",$X$2=2)),U1155,HEX2DEC(J1154)/10 ))) -> 3.6
A1155: 65b95c11 | B1155: 0 | C1155: 0 | D1155: 0 | E1155: 0 | F1155: 0 | G1155: 0 | H1155: 26 | I1155: 1e | J1155: 29 | L1155: =IF(AND((((HEX2DEC(A1155)/60)/60)/24)+DATE(1970,1,1) >= DATE(YEAR((((HEX2DEC(A1155)/60)/60)/24)+DATE(1970,1,1)),3,24)+WEEKDAY(DATE(YEAR((((HEX2DEC(A1155)/60)/60)/24)+DATE(1970,1,1)),3,31)-1), (((HEX2DEC(A1155)/60)/60)/24)+DATE(1970,1,1) < DATE(YEAR((((HEX2DEC(A1155)/60)/60)/24)+DATE(1970,1,1)),11,1)+26-WEEKDAY(DATE(YEAR((((HEX2DEC(A1155)/60)/60)/24)+DATE(1970,1,1)),11,1)-1)),(((HEX2DEC(A1155)/60)/60)/24)+DATE(1970,1,1)+2/24,(((HEX2DEC(A1155)/60)/60)/24)+DATE(1970,1,1)+1/24) -> 45321.895 | M1155: =IF('tab4'!$B1155=0,0,IF('tab4'!$B1155=1,1,IF('tab4'!$B1155=4,2,IF('tab4'!$B1155=5,3,IF('tab4'!$B1155=6,4,IF(AND('tab4'!$B1155=80,$X$2=2),0,-1)))))) -> 0 | N1155: =IF('tab4'!$C1155=0,0,IF('tab4'!$C1155=1,1,IF('tab4'!$C1155=4,2,IF('tab4'!$C1155=5,3,IF('tab4'!$C1155=6,4,IF(AND('tab4'!$C1155=80,$X$2=2),0,-1)))))) -> 0 | O1155: =D1155 -> 0 | P1155: =E1155 -> 0 | Q1155: =F1155 -> 0 | R1155: =G1155 -> 0 | S1155: =IF(HEX2DEC(H1155) >= 32768, (HEX2DEC(H1155) - 65535 - 1)/10, IF(HEX2DEC(H1155) = 32767, IF($X$2=2, S1156, 32767), HEX2DEC(H1155)/10 )) -> 3.8 | T1155: =IF(HEX2DEC(I1155) >= 32768, (HEX2DEC(I1155) - 65535 - 1)/10, IF(HEX2DEC(I1155) = 32767, IF($X$2=2, T1156, 32767), HEX2DEC(I1155)/10 )) -> 3 | U1155: =IF(HEX2DEC(J1155) >= 32768, (HEX2DEC(J1155) - 65535 - 1)/10, IF(HEX2DEC(J1155) = 32767, IF($X$2=2, U1156, 32767), IF(OR(AND(H1155="7fff", I1155="7fff", J1155="0",$X$2=2),AND(ABS(T1155)>2, J1155="0",$X$2=2)),U1156,HEX2DEC(J1155)/10 ))) -> 4.1
A1156: 65b97832 | B1156: 0 | C1156: 0 | D1156: 0 | E1156: 0 | F1156: 0 | G1156: 0 | H1156: 25 | I1156: 20 | J1156: 2a | L1156: =IF(AND((((HEX2DEC(A1156)/60)/60)/24)+DATE(1970,1,1) >= DATE(YEAR((((HEX2DEC(A1156)/60)/60)/24)+DATE(1970,1,1)),3,24)+WEEKDAY(DATE(YEAR((((HEX2DEC(A1156)/60)/60)/24)+DATE(1970,1,1)),3,31)-1), (((HEX2DEC(A1156)/60)/60)/24)+DATE(1970,1,1) < DATE(YEAR((((HEX2DEC(A1156)/60)/60)/24)+DATE(1970,1,1)),11,1)+26-WEEKDAY(DATE(YEAR((((HEX2DEC(A1156)/60)/60)/24)+DATE(1970,1,1)),11,1)-1)),(((HEX2DEC(A1156)/60)/60)/24)+DATE(1970,1,1)+2/24,(((HEX2DEC(A1156)/60)/60)/24)+DATE(1970,1,1)+1/24) -> 45321.979 | M1156: =IF('tab4'!$B1156=0,0,IF('tab4'!$B1156=1,1,IF('tab4'!$B1156=4,2,IF('tab4'!$B1156=5,3,IF('tab4'!$B1156=6,4,IF(AND('tab4'!$B1156=80,$X$2=2),0,-1)))))) -> 0 | N1156: =IF('tab4'!$C1156=0,0,IF('tab4'!$C1156=1,1,IF('tab4'!$C1156=4,2,IF('tab4'!$C1156=5,3,IF('tab4'!$C1156=6,4,IF(AND('tab4'!$C1156=80,$X$2=2),0,-1)))))) -> 0 | O1156: =D1156 -> 0 | P1156: =E1156 -> 0 | Q1156: =F1156 -> 0 | R1156: =G1156 -> 0 | S1156: =IF(HEX2DEC(H1156) >= 32768, (HEX2DEC(H1156) - 65535 - 1)/10, IF(HEX2DEC(H1156) = 32767, IF($X$2=2, S1157, 32767), HEX2DEC(H1156)/10 )) -> 3.7 | T1156: =IF(HEX2DEC(I1156) >= 32768, (HEX2DEC(I1156) - 65535 - 1)/10, IF(HEX2DEC(I1156) = 32767, IF($X$2=2, T1157, 32767), HEX2DEC(I1156)/10 )) -> 3.2 | U1156: =IF(HEX2DEC(J1156) >= 32768, (HEX2DEC(J1156) - 65535 - 1)/10, IF(HEX2DEC(J1156) = 32767, IF($X$2=2, U1157, 32767), IF(OR(AND(H1156="7fff", I1156="7fff", J1156="0",$X$2=2),AND(ABS(T1156)>2, J1156="0",$X$2=2)),U1157,HEX2DEC(J1156)/10 ))) -> 4.2
A1157: 65b99453 | B1157: 0 | C1157: 0 | D1157: 0 | E1157: 0 | F1157: 0 | G1157: 0 | H1157: 27 | I1157: 21 | J1157: 2b | L1157: =IF(AND((((HEX2DEC(A1157)/60)/60)/24)+DATE(1970,1,1) >= DATE(YEAR((((HEX2DEC(A1157)/60)/60)/24)+DATE(1970,1,1)),3,24)+WEEKDAY(DATE(YEAR((((HEX2DEC(A1157)/60)/60)/24)+DATE(1970,1,1)),3,31)-1), (((HEX2DEC(A1157)/60)/60)/24)+DATE(1970,1,1) < DATE(YEAR((((HEX2DEC(A1157)/60)/60)/24)+DATE(1970,1,1)),11,1)+26-WEEKDAY(DATE(YEAR((((HEX2DEC(A1157)/60)/60)/24)+DATE(1970,1,1)),11,1)-1)),(((HEX2DEC(A1157)/60)/60)/24)+DATE(1970,1,1)+2/24,(((HEX2DEC(A1157)/60)/60)/24)+DATE(1970,1,1)+1/24) -> 45322.062 | M1157: =IF('tab4'!$B1157=0,0,IF('tab4'!$B1157=1,1,IF('tab4'!$B1157=4,2,IF('tab4'!$B1157=5,3,IF('tab4'!$B1157=6,4,IF(AND('tab4'!$B1157=80,$X$2=2),0,-1)))))) -> 0 | N1157: =IF('tab4'!$C1157=0,0,IF('tab4'!$C1157=1,1,IF('tab4'!$C1157=4,2,IF('tab4'!$C1157=5,3,IF('tab4'!$C1157=6,4,IF(AND('tab4'!$C1157=80,$X$2=2),0,-1)))))) -> 0 | O1157: =D1157 -> 0 | P1157: =E1157 -> 0 | Q1157: =F1157 -> 0 | R1157: =G1157 -> 0 | S1157: =IF(HEX2DEC(H1157) >= 32768, (HEX2DEC(H1157) - 65535 - 1)/10, IF(HEX2DEC(H1157) = 32767, IF($X$2=2, S1158, 32767), HEX2DEC(H1157)/10 )) -> 3.9 | T1157: =IF(HEX2DEC(I1157) >= 32768, (HEX2DEC(I1157) - 65535 - 1)/10, IF(HEX2DEC(I1157) = 32767, IF($X$2=2, T1158, 32767), HEX2DEC(I1157)/10 )) -> 3.3 | U1157: =IF(HEX2DEC(J1157) >= 32768, (HEX2DEC(J1157) - 65535 - 1)/10, IF(HEX2DEC(J1157) = 32767, IF($X$2=2, U1158, 32767), IF(OR(AND(H1157="7fff", I1157="7fff", J1157="0",$X$2=2),AND(ABS(T1157)>2, J1157="0",$X$2=2)),U1158,HEX2DEC(J1157)/10 ))) -> 4.3
A1158: 65b9b073 | B1158: 0 | C1158: 0 | D1158: 0 | E1158: 0 | F1158: 0 | G1158: 0 | H1158: 2e | I1158: 2d | J1158: 33 | L1158: =IF(AND((((HEX2DEC(A1158)/60)/60)/24)+DATE(1970,1,1) >= DATE(YEAR((((HEX2DEC(A1158)/60)/60)/24)+DATE(1970,1,1)),3,24)+WEEKDAY(DATE(YEAR((((HEX2DEC(A1158)/60)/60)/24)+DATE(1970,1,1)),3,31)-1), (((HEX2DEC(A1158)/60)/60)/24)+DATE(1970,1,1) < DATE(YEAR((((HEX2DEC(A1158)/60)/60)/24)+DATE(1970,1,1)),11,1)+26-WEEKDAY(DATE(YEAR((((HEX2DEC(A1158)/60)/60)/24)+DATE(1970,1,1)),11,1)-1)),(((HEX2DEC(A1158)/60)/60)/24)+DATE(1970,1,1)+2/24,(((HEX2DEC(A1158)/60)/60)/24)+DATE(1970,1,1)+1/24) -> 45322.145 | M1158: =IF('tab4'!$B1158=0,0,IF('tab4'!$B1158=1,1,IF('tab4'!$B1158=4,2,IF('tab4'!$B1158=5,3,IF('tab4'!$B1158=6,4,IF(AND('tab4'!$B1158=80,$X$2=2),0,-1)))))) -> 0 | N1158: =IF('tab4'!$C1158=0,0,IF('tab4'!$C1158=1,1,IF('tab4'!$C1158=4,2,IF('tab4'!$C1158=5,3,IF('tab4'!$C1158=6,4,IF(AND('tab4'!$C1158=80,$X$2=2),0,-1)))))) -> 0 | O1158: =D1158 -> 0 | P1158: =E1158 -> 0 | Q1158: =F1158 -> 0 | R1158: =G1158 -> 0 | S1158: =IF(HEX2DEC(H1158) >= 32768, (HEX2DEC(H1158) - 65535 - 1)/10, IF(HEX2DEC(H1158) = 32767, IF($X$2=2, S1159, 32767), HEX2DEC(H1158)/10 )) -> 4.6 | T1158: =IF(HEX2DEC(I1158) >= 32768, (HEX2DEC(I1158) - 65535 - 1)/10, IF(HEX2DEC(I1158) = 32767, IF($X$2=2, T1159, 32767), HEX2DEC(I1158)/10 )) -> 4.5 | U1158: =IF(HEX2DEC(J1158) >= 32768, (HEX2DEC(J1158) - 65535 - 1)/10, IF(HEX2DEC(J1158) = 32767, IF($X$2=2, U1159, 32767), IF(OR(AND(H1158="7fff", I1158="7fff", J1158="0",$X$2=2),AND(ABS(T1158)>2, J1158="0",$X$2=2)),U1159,HEX2DEC(J1158)/10 ))) -> 5.1
A1159: 65b9cc94 | B1159: 0 | C1159: 0 | D1159: 0 | E1159: 0 | F1159: 0 | G1159: 0 | H1159: 32 | I1159: 30 | J1159: 35 | L1159: =IF(AND((((HEX2DEC(A1159)/60)/60)/24)+DATE(1970,1,1) >= DATE(YEAR((((HEX2DEC(A1159)/60)/60)/24)+DATE(1970,1,1)),3,24)+WEEKDAY(DATE(YEAR((((HEX2DEC(A1159)/60)/60)/24)+DATE(1970,1,1)),3,31)-1), (((HEX2DEC(A1159)/60)/60)/24)+DATE(1970,1,1) < DATE(YEAR((((HEX2DEC(A1159)/60)/60)/24)+DATE(1970,1,1)),11,1)+26-WEEKDAY(DATE(YEAR((((HEX2DEC(A1159)/60)/60)/24)+DATE(1970,1,1)),11,1)-1)),(((HEX2DEC(A1159)/60)/60)/24)+DATE(1970,1,1)+2/24,(((HEX2DEC(A1159)/60)/60)/24)+DATE(1970,1,1)+1/24) -> 45322.229 | M1159: =IF('tab4'!$B1159=0,0,IF('tab4'!$B1159=1,1,IF('tab4'!$B1159=4,2,IF('tab4'!$B1159=5,3,IF('tab4'!$B1159=6,4,IF(AND('tab4'!$B1159=80,$X$2=2),0,-1)))))) -> 0 | N1159: =IF('tab4'!$C1159=0,0,IF('tab4'!$C1159=1,1,IF('tab4'!$C1159=4,2,IF('tab4'!$C1159=5,3,IF('tab4'!$C1159=6,4,IF(AND('tab4'!$C1159=80,$X$2=2),0,-1)))))) -> 0 | O1159: =D1159 -> 0 | P1159: =E1159 -> 0 | Q1159: =F1159 -> 0 | R1159: =G1159 -> 0 | S1159: =IF(HEX2DEC(H1159) >= 32768, (HEX2DEC(H1159) - 65535 - 1)/10, IF(HEX2DEC(H1159) = 32767, IF($X$2=2, S1160, 32767), HEX2DEC(H1159)/10 )) -> 5 | T1159: =IF(HEX2DEC(I1159) >= 32768, (HEX2DEC(I1159) - 65535 - 1)/10, IF(HEX2DEC(I1159) = 32767, IF($X$2=2, T1160, 32767), HEX2DEC(I1159)/10 )) -> 4.8 | U1159: =IF(HEX2DEC(J1159) >= 32768, (HEX2DEC(J1159) - 65535 - 1)/10, IF(HEX2DEC(J1159) = 32767, IF($X$2=2, U1160, 32767), IF(OR(AND(H1159="7fff", I1159="7fff", J1159="0",$X$2=2),AND(ABS(T1159)>2, J1159="0",$X$2=2)),U1160,HEX2DEC(J1159)/10 ))) -> 5.3
A1160: 65b9e8b5 | B1160: 0 | C1160: 0 | D1160: 0 | E1160: 0 | F1160: 0 | G1160: 0 | H1160: 35 | I1160: 33 | J1160: 36 | L1160: =IF(AND((((HEX2DEC(A1160)/60)/60)/24)+DATE(1970,1,1) >= DATE(YEAR((((HEX2DEC(A1160)/60)/60)/24)+DATE(1970,1,1)),3,24)+WEEKDAY(DATE(YEAR((((HEX2DEC(A1160)/60)/60)/24)+DATE(1970,1,1)),3,31)-1), (((HEX2DEC(A1160)/60)/60)/24)+DATE(1970,1,1) < DATE(YEAR((((HEX2DEC(A1160)/60)/60)/24)+DATE(1970,1,1)),11,1)+26-WEEKDAY(DATE(YEAR((((HEX2DEC(A1160)/60)/60)/24)+DATE(1970,1,1)),11,1)-1)),(((HEX2DEC(A1160)/60)/60)/24)+DATE(1970,1,1)+2/24,(((HEX2DEC(A1160)/60)/60)/24)+DATE(1970,1,1)+1/24) -> 45322.312 | M1160: =IF('tab4'!$B1160=0,0,IF('tab4'!$B1160=1,1,IF('tab4'!$B1160=4,2,IF('tab4'!$B1160=5,3,IF('tab4'!$B1160=6,4,IF(AND('tab4'!$B1160=80,$X$2=2),0,-1)))))) -> 0 | N1160: =IF('tab4'!$C1160=0,0,IF('tab4'!$C1160=1,1,IF('tab4'!$C1160=4,2,IF('tab4'!$C1160=5,3,IF('tab4'!$C1160=6,4,IF(AND('tab4'!$C1160=80,$X$2=2),0,-1)))))) -> 0 | O1160: =D1160 -> 0 | P1160: =E1160 -> 0 | Q1160: =F1160 -> 0 | R1160: =G1160 -> 0 | S1160: =IF(HEX2DEC(H1160) >= 32768, (HEX2DEC(H1160) - 65535 - 1)/10, IF(HEX2DEC(H1160) = 32767, IF($X$2=2, S1161, 32767), HEX2DEC(H1160)/10 )) -> 5.3 | T1160: =IF(HEX2DEC(I1160) >= 32768, (HEX2DEC(I1160) - 65535 - 1)/10, IF(HEX2DEC(I1160) = 32767, IF($X$2=2, T1161, 32767), HEX2DEC(I1160)/10 )) -> 5.1 | U1160: =IF(HEX2DEC(J1160) >= 32768, (HEX2DEC(J1160) - 65535 - 1)/10, IF(HEX2DEC(J1160) = 32767, IF($X$2=2, U1161, 32767), IF(OR(AND(H1160="7fff", I1160="7fff", J1160="0",$X$2=2),AND(ABS(T1160)>2, J1160="0",$X$2=2)),U1161,HEX2DEC(J1160)/10 ))) -> 5.4
A1161: 65ba04d6 | B1161: 0 | C1161: 0 | D1161: 0 | E1161: 0 | F1161: 0 | G1161: 0 | H1161: 3d | I1161: 3e | J1161: 41 | L1161: =IF(AND((((HEX2DEC(A1161)/60)/60)/24)+DATE(1970,1,1) >= DATE(YEAR((((HEX2DEC(A1161)/60)/60)/24)+DATE(1970,1,1)),3,24)+WEEKDAY(DATE(YEAR((((HEX2DEC(A1161)/60)/60)/24)+DATE(1970,1,1)),3,31)-1), (((HEX2DEC(A1161)/60)/60)/24)+DATE(1970,1,1) < DATE(YEAR((((HEX2DEC(A1161)/60)/60)/24)+DATE(1970,1,1)),11,1)+26-WEEKDAY(DATE(YEAR((((HEX2DEC(A1161)/60)/60)/24)+DATE(1970,1,1)),11,1)-1)),(((HEX2DEC(A1161)/60)/60)/24)+DATE(1970,1,1)+2/24,(((HEX2DEC(A1161)/60)/60)/24)+DATE(1970,1,1)+1/24) -> 45322.395 | M1161: =IF('tab4'!$B1161=0,0,IF('tab4'!$B1161=1,1,IF('tab4'!$B1161=4,2,IF('tab4'!$B1161=5,3,IF('tab4'!$B1161=6,4,IF(AND('tab4'!$B1161=80,$X$2=2),0,-1)))))) -> 0 | N1161: =IF('tab4'!$C1161=0,0,IF('tab4'!$C1161=1,1,IF('tab4'!$C1161=4,2,IF('tab4'!$C1161=5,3,IF('tab4'!$C1161=6,4,IF(AND('tab4'!$C1161=80,$X$2=2),0,-1)))))) -> 0 | O1161: =D1161 -> 0 | P1161: =E1161 -> 0 | Q1161: =F1161 -> 0 | R1161: =G1161 -> 0 | S1161: =IF(HEX2DEC(H1161) >= 32768, (HEX2DEC(H1161) - 65535 - 1)/10, IF(HEX2DEC(H1161) = 32767, IF($X$2=2, S1162, 32767), HEX2DEC(H1161)/10 )) -> 6.1 | T1161: =IF(HEX2DEC(I1161) >= 32768, (HEX2DEC(I1161) - 65535 - 1)/10, IF(HEX2DEC(I1161) = 32767, IF($X$2=2, T1162, 32767), HEX2DEC(I1161)/10 )) -> 6.2 | U1161: =IF(HEX2DEC(J1161) >= 32768, (HEX2DEC(J1161) - 65535 - 1)/10, IF(HEX2DEC(J1161) = 32767, IF($X$2=2, U1162, 32767), IF(OR(AND(H1161="7fff", I1161="7fff", J1161="0",$X$2=2),AND(ABS(T1161)>2, J1161="0",$X$2=2)),U1162,HEX2DEC(J1161)/10 ))) -> 6.5
A1162: 65ba20f6 | B1162: 0 | C1162: 0 | D1162: 0 | E1162: 0 | F1162: 0 | G1162: 0 | H1162: 59 | I1162: 64 | J1162: 4f | L1162: =IF(AND((((HEX2DEC(A1162)/60)/60)/24)+DATE(1970,1,1) >= DATE(YEAR((((HEX2DEC(A1162)/60)/60)/24)+DATE(1970,1,1)),3,24)+WEEKDAY(DATE(YEAR((((HEX2DEC(A1162)/60)/60)/24)+DATE(1970,1,1)),3,31)-1), (((HEX2DEC(A1162)/60)/60)/24)+DATE(1970,1,1) < DATE(YEAR((((HEX2DEC(A1162)/60)/60)/24)+DATE(1970,1,1)),11,1)+26-WEEKDAY(DATE(YEAR((((HEX2DEC(A1162)/60)/60)/24)+DATE(1970,1,1)),11,1)-1)),(((HEX2DEC(A1162)/60)/60)/24)+DATE(1970,1,1)+2/24,(((HEX2DEC(A1162)/60)/60)/24)+DATE(1970,1,1)+1/24) -> 45322.479 | M1162: =IF('tab4'!$B1162=0,0,IF('tab4'!$B1162=1,1,IF('tab4'!$B1162=4,2,IF('tab4'!$B1162=5,3,IF('tab4'!$B1162=6,4,IF(AND('tab4'!$B1162=80,$X$2=2),0,-1)))))) -> 0 | N1162: =IF('tab4'!$C1162=0,0,IF('tab4'!$C1162=1,1,IF('tab4'!$C1162=4,2,IF('tab4'!$C1162=5,3,IF('tab4'!$C1162=6,4,IF(AND('tab4'!$C1162=80,$X$2=2),0,-1)))))) -> 0 | O1162: =D1162 -> 0 | P1162: =E1162 -> 0 | Q1162: =F1162 -> 0 | R1162: =G1162 -> 0 | S1162: =IF(HEX2DEC(H1162) >= 32768, (HEX2DEC(H1162) - 65535 - 1)/10, IF(HEX2DEC(H1162) = 32767, IF($X$2=2, S1163, 32767), HEX2DEC(H1162)/10 )) -> 8.9 | T1162: =IF(HEX2DEC(I1162) >= 32768, (HEX2DEC(I1162) - 65535 - 1)/10, IF(HEX2DEC(I1162) = 32767, IF($X$2=2, T1163, 32767), HEX2DEC(I1162)/10 )) -> 10 | U1162: =IF(HEX2DEC(J1162) >= 32768, (HEX2DEC(J1162) - 65535 - 1)/10, IF(HEX2DEC(J1162) = 32767, IF($X$2=2, U1163, 32767), IF(OR(AND(H1162="7fff", I1162="7fff", J1162="0",$X$2=2),AND(ABS(T1162)>2, J1162="0",$X$2=2)),U1163,HEX2DEC(J1162)/10 ))) -> 7.9
A1163: 65ba3d17 | B1163: 0 | C1163: 0 | D1163: 0 | E1163: 0 | F1163: 0 | G1163: 0 | H1163: 63 | I1163: 69 | J1163: 55 | L1163: =IF(AND((((HEX2DEC(A1163)/60)/60)/24)+DATE(1970,1,1) >= DATE(YEAR((((HEX2DEC(A1163)/60)/60)/24)+DATE(1970,1,1)),3,24)+WEEKDAY(DATE(YEAR((((HEX2DEC(A1163)/60)/60)/24)+DATE(1970,1,1)),3,31)-1), (((HEX2DEC(A1163)/60)/60)/24)+DATE(1970,1,1) < DATE(YEAR((((HEX2DEC(A1163)/60)/60)/24)+DATE(1970,1,1)),11,1)+26-WEEKDAY(DATE(YEAR((((HEX2DEC(A1163)/60)/60)/24)+DATE(1970,1,1)),11,1)-1)),(((HEX2DEC(A1163)/60)/60)/24)+DATE(1970,1,1)+2/24,(((HEX2DEC(A1163)/60)/60)/24)+DATE(1970,1,1)+1/24) -> 45322.562 | M1163: =IF('tab4'!$B1163=0,0,IF('tab4'!$B1163=1,1,IF('tab4'!$B1163=4,2,IF('tab4'!$B1163=5,3,IF('tab4'!$B1163=6,4,IF(AND('tab4'!$B1163=80,$X$2=2),0,-1)))))) -> 0 | N1163: =IF('tab4'!$C1163=0,0,IF('tab4'!$C1163=1,1,IF('tab4'!$C1163=4,2,IF('tab4'!$C1163=5,3,IF('tab4'!$C1163=6,4,IF(AND('tab4'!$C1163=80,$X$2=2),0,-1)))))) -> 0 | O1163: =D1163 -> 0 | P1163: =E1163 -> 0 | Q1163: =F1163 -> 0 | R1163: =G1163 -> 0 | S1163: =IF(HEX2DEC(H1163) >= 32768, (HEX2DEC(H1163) - 65535 - 1)/10, IF(HEX2DEC(H1163) = 32767, IF($X$2=2, S1164, 32767), HEX2DEC(H1163)/10 )) -> 9.9 | T1163: =IF(HEX2DEC(I1163) >= 32768, (HEX2DEC(I1163) - 65535 - 1)/10, IF(HEX2DEC(I1163) = 32767, IF($X$2=2, T1164, 32767), HEX2DEC(I1163)/10 )) -> 10.5 | U1163: =IF(HEX2DEC(J1163) >= 32768, (HEX2DEC(J1163) - 65535 - 1)/10, IF(HEX2DEC(J1163) = 32767, IF($X$2=2, U1164, 32767), IF(OR(AND(H1163="7fff", I1163="7fff", J1163="0",$X$2=2),AND(ABS(T1163)>2, J1163="0",$X$2=2)),U1164,HEX2DEC(J1163)/10 ))) -> 8.5
A1164: 65ba5937 | B1164: 0 | C1164: 0 | D1164: 0 | E1164: 0 | F1164: 0 | G1164: 0 | H1164: 5d | I1164: 5c | J1164: 4d | L1164: =IF(AND((((HEX2DEC(A1164)/60)/60)/24)+DATE(1970,1,1) >= DATE(YEAR((((HEX2DEC(A1164)/60)/60)/24)+DATE(1970,1,1)),3,24)+WEEKDAY(DATE(YEAR((((HEX2DEC(A1164)/60)/60)/24)+DATE(1970,1,1)),3,31)-1), (((HEX2DEC(A1164)/60)/60)/24)+DATE(1970,1,1) < DATE(YEAR((((HEX2DEC(A1164)/60)/60)/24)+DATE(1970,1,1)),11,1)+26-WEEKDAY(DATE(YEAR((((HEX2DEC(A1164)/60)/60)/24)+DATE(1970,1,1)),11,1)-1)),(((HEX2DEC(A1164)/60)/60)/24)+DATE(1970,1,1)+2/24,(((HEX2DEC(A1164)/60)/60)/24)+DATE(1970,1,1)+1/24) -> 45322.645 | M1164: =IF('tab4'!$B1164=0,0,IF('tab4'!$B1164=1,1,IF('tab4'!$B1164=4,2,IF('tab4'!$B1164=5,3,IF('tab4'!$B1164=6,4,IF(AND('tab4'!$B1164=80,$X$2=2),0,-1)))))) -> 0 | N1164: =IF('tab4'!$C1164=0,0,IF('tab4'!$C1164=1,1,IF('tab4'!$C1164=4,2,IF('tab4'!$C1164=5,3,IF('tab4'!$C1164=6,4,IF(AND('tab4'!$C1164=80,$X$2=2),0,-1)))))) -> 0 | O1164: =D1164 -> 0 | P1164: =E1164 -> 0 | Q1164: =F1164 -> 0 | R1164: =G1164 -> 0 | S1164: =IF(HEX2DEC(H1164) >= 32768, (HEX2DEC(H1164) - 65535 - 1)/10, IF(HEX2DEC(H1164) = 32767, IF($X$2=2, S1165, 32767), HEX2DEC(H1164)/10 )) -> 9.3 | T1164: =IF(HEX2DEC(I1164) >= 32768, (HEX2DEC(I1164) - 65535 - 1)/10, IF(HEX2DEC(I1164) = 32767, IF($X$2=2, T1165, 32767), HEX2DEC(I1164)/10 )) -> 9.2 | U1164: =IF(HEX2DEC(J1164) >= 32768, (HEX2DEC(J1164) - 65535 - 1)/10, IF(HEX2DEC(J1164) = 32767, IF($X$2=2, U1165, 32767), IF(OR(AND(H1164="7fff", I1164="7fff", J1164="0",$X$2=2),AND(ABS(T1164)>2, J1164="0",$X$2=2)),U1165,HEX2DEC(J1164)/10 ))) -> 7.7
A1165: 65ba7558 | B1165: 0 | C1165: 0 | D1165: 0 | E1165: 0 | F1165: 0 | G1165: 0 | H1165: 4b | I1165: 47 | J1165: 40 | L1165: =IF(AND((((HEX2DEC(A1165)/60)/60)/24)+DATE(1970,1,1) >= DATE(YEAR((((HEX2DEC(A1165)/60)/60)/24)+DATE(1970,1,1)),3,24)+WEEKDAY(DATE(YEAR((((HEX2DEC(A1165)/60)/60)/24)+DATE(1970,1,1)),3,31)-1), (((HEX2DEC(A1165)/60)/60)/24)+DATE(1970,1,1) < DATE(YEAR((((HEX2DEC(A1165)/60)/60)/24)+DATE(1970,1,1)),11,1)+26-WEEKDAY(DATE(YEAR((((HEX2DEC(A1165)/60)/60)/24)+DATE(1970,1,1)),11,1)-1)),(((HEX2DEC(A1165)/60)/60)/24)+DATE(1970,1,1)+2/24,(((HEX2DEC(A1165)/60)/60)/24)+DATE(1970,1,1)+1/24) -> 45322.729 | M1165: =IF('tab4'!$B1165=0,0,IF('tab4'!$B1165=1,1,IF('tab4'!$B1165=4,2,IF('tab4'!$B1165=5,3,IF('tab4'!$B1165=6,4,IF(AND('tab4'!$B1165=80,$X$2=2),0,-1)))))) -> 0 | N1165: =IF('tab4'!$C1165=0,0,IF('tab4'!$C1165=1,1,IF('tab4'!$C1165=4,2,IF('tab4'!$C1165=5,3,IF('tab4'!$C1165=6,4,IF(AND('tab4'!$C1165=80,$X$2=2),0,-1)))))) -> 0 | O1165: =D1165 -> 0 | P1165: =E1165 -> 0 | Q1165: =F1165 -> 0 | R1165: =G1165 -> 0 | S1165: =IF(HEX2DEC(H1165) >= 32768, (HEX2DEC(H1165) - 65535 - 1)/10, IF(HEX2DEC(H1165) = 32767, IF($X$2=2, S1166, 32767), HEX2DEC(H1165)/10 )) -> 7.5 | T1165: =IF(HEX2DEC(I1165) >= 32768, (HEX2DEC(I1165) - 65535 - 1)/10, IF(HEX2DEC(I1165) = 32767, IF($X$2=2, T1166, 32767), HEX2DEC(I1165)/10 )) -> 7.1 | U1165: =IF(HEX2DEC(J1165) >= 32768, (HEX2DEC(J1165) - 65535 - 1)/10, IF(HEX2DEC(J1165) = 32767, IF($X$2=2, U1166, 32767), IF(OR(AND(H1165="7fff", I1165="7fff", J1165="0",$X$2=2),AND(ABS(T1165)>2, J1165="0",$X$2=2)),U1166,HEX2DEC(J1165)/10 ))) -> 6.4
A1166: 65ba9178 | B1166: 0 | C1166: 0 | D1166: 0 | E1166: 0 | F1166: 0 | G1166: 0 | H1166: 41 | I1166: 3d | J1166: 3a | L1166: =IF(AND((((HEX2DEC(A1166)/60)/60)/24)+DATE(1970,1,1) >= DATE(YEAR((((HEX2DEC(A1166)/60)/60)/24)+DATE(1970,1,1)),3,24)+WEEKDAY(DATE(YEAR((((HEX2DEC(A1166)/60)/60)/24)+DATE(1970,1,1)),3,31)-1), (((HEX2DEC(A1166)/60)/60)/24)+DATE(1970,1,1) < DATE(YEAR((((HEX2DEC(A1166)/60)/60)/24)+DATE(1970,1,1)),11,1)+26-WEEKDAY(DATE(YEAR((((HEX2DEC(A1166)/60)/60)/24)+DATE(1970,1,1)),11,1)-1)),(((HEX2DEC(A1166)/60)/60)/24)+DATE(1970,1,1)+2/24,(((HEX2DEC(A1166)/60)/60)/24)+DATE(1970,1,1)+1/24) -> 45322.812 | M1166: =IF('tab4'!$B1166=0,0,IF('tab4'!$B1166=1,1,IF('tab4'!$B1166=4,2,IF('tab4'!$B1166=5,3,IF('tab4'!$B1166=6,4,IF(AND('tab4'!$B1166=80,$X$2=2),0,-1)))))) -> 0 | N1166: =IF('tab4'!$C1166=0,0,IF('tab4'!$C1166=1,1,IF('tab4'!$C1166=4,2,IF('tab4'!$C1166=5,3,IF('tab4'!$C1166=6,4,IF(AND('tab4'!$C1166=80,$X$2=2),0,-1)))))) -> 0 | O1166: =D1166 -> 0 | P1166: =E1166 -> 0 | Q1166: =F1166 -> 0 | R1166: =G1166 -> 0 | S1166: =IF(HEX2DEC(H1166) >= 32768, (HEX2DEC(H1166) - 65535 - 1)/10, IF(HEX2DEC(H1166) = 32767, IF($X$2=2, S1167, 32767), HEX2DEC(H1166)/10 )) -> 6.5 | T1166: =IF(HEX2DEC(I1166) >= 32768, (HEX2DEC(I1166) - 65535 - 1)/10, IF(HEX2DEC(I1166) = 32767, IF($X$2=2, T1167, 32767), HEX2DEC(I1166)/10 )) -> 6.1 | U1166: =IF(HEX2DEC(J1166) >= 32768, (HEX2DEC(J1166) - 65535 - 1)/10, IF(HEX2DEC(J1166) = 32767, IF($X$2=2, U1167, 32767), IF(OR(AND(H1166="7fff", I1166="7fff", J1166="0",$X$2=2),AND(ABS(T1166)>2, J1166="0",$X$2=2)),U1167,HEX2DEC(J1166)/10 ))) -> 5.8
A1167: 65baad99 | B1167: 0 | C1167: 0 | D1167: 0 | E1167: 0 | F1167: 0 | G1167: 0 | H1167: 2c | I1167: 24 | J1167: 1a | L1167: =IF(AND((((HEX2DEC(A1167)/60)/60)/24)+DATE(1970,1,1) >= DATE(YEAR((((HEX2DEC(A1167)/60)/60)/24)+DATE(1970,1,1)),3,24)+WEEKDAY(DATE(YEAR((((HEX2DEC(A1167)/60)/60)/24)+DATE(1970,1,1)),3,31)-1), (((HEX2DEC(A1167)/60)/60)/24)+DATE(1970,1,1) < DATE(YEAR((((HEX2DEC(A1167)/60)/60)/24)+DATE(1970,1,1)),11,1)+26-WEEKDAY(DATE(YEAR((((HEX2DEC(A1167)/60)/60)/24)+DATE(1970,1,1)),11,1)-1)),(((HEX2DEC(A1167)/60)/60)/24)+DATE(1970,1,1)+2/24,(((HEX2DEC(A1167)/60)/60)/24)+DATE(1970,1,1)+1/24) -> 45322.895 | M1167: =IF('tab4'!$B1167=0,0,IF('tab4'!$B1167=1,1,IF('tab4'!$B1167=4,2,IF('tab4'!$B1167=5,3,IF('tab4'!$B1167=6,4,IF(AND('tab4'!$B1167=80,$X$2=2),0,-1)))))) -> 0 | N1167: =IF('tab4'!$C1167=0,0,IF('tab4'!$C1167=1,1,IF('tab4'!$C1167=4,2,IF('tab4'!$C1167=5,3,IF('tab4'!$C1167=6,4,IF(AND('tab4'!$C1167=80,$X$2=2),0,-1)))))) -> 0 | O1167: =D1167 -> 0 | P1167: =E1167 -> 0 | Q1167: =F1167 -> 0 | R1167: =G1167 -> 0 | S1167: =IF(HEX2DEC(H1167) >= 32768, (HEX2DEC(H1167) - 65535 - 1)/10, IF(HEX2DEC(H1167) = 32767, IF($X$2=2, S1168, 32767), HEX2DEC(H1167)/10 )) -> 4.4 | T1167: =IF(HEX2DEC(I1167) >= 32768, (HEX2DEC(I1167) - 65535 - 1)/10, IF(HEX2DEC(I1167) = 32767, IF($X$2=2, T1168, 32767), HEX2DEC(I1167)/10 )) -> 3.6 | U1167: =IF(HEX2DEC(J1167) >= 32768, (HEX2DEC(J1167) - 65535 - 1)/10, IF(HEX2DEC(J1167) = 32767, IF($X$2=2, U1168, 32767), IF(OR(AND(H1167="7fff", I1167="7fff", J1167="0",$X$2=2),AND(ABS(T1167)>2, J1167="0",$X$2=2)),U1168,HEX2DEC(J1167)/10 ))) -> 2.6
A1168: 65babbb9 | B1168: 0 | C1168: 4 | D1168: 0 | E1168: 1 | F1168: 0 | G1168: 0 | H1168: 1d | I1168: 13 | J1168: c | L1168: =IF(AND((((HEX2DEC(A1168)/60)/60)/24)+DATE(1970,1,1) >= DATE(YEAR((((HEX2DEC(A1168)/60)/60)/24)+DATE(1970,1,1)),3,24)+WEEKDAY(DATE(YEAR((((HEX2DEC(A1168)/60)/60)/24)+DATE(1970,1,1)),3,31)-1), (((HEX2DEC(A1168)/60)/60)/24)+DATE(1970,1,1) < DATE(YEAR((((HEX2DEC(A1168)/60)/60)/24)+DATE(1970,1,1)),11,1)+26-WEEKDAY(DATE(YEAR((((HEX2DEC(A1168)/60)/60)/24)+DATE(1970,1,1)),11,1)-1)),(((HEX2DEC(A1168)/60)/60)/24)+DATE(1970,1,1)+2/24,(((HEX2DEC(A1168)/60)/60)/24)+DATE(1970,1,1)+1/24) -> 45322.937 | M1168: =IF('tab4'!$B1168=0,0,IF('tab4'!$B1168=1,1,IF('tab4'!$B1168=4,2,IF('tab4'!$B1168=5,3,IF('tab4'!$B1168=6,4,IF(AND('tab4'!$B1168=80,$X$2=2),0,-1)))))) -> 0 | N1168: =IF('tab4'!$C1168=0,0,IF('tab4'!$C1168=1,1,IF('tab4'!$C1168=4,2,IF('tab4'!$C1168=5,3,IF('tab4'!$C1168=6,4,IF(AND('tab4'!$C1168=80,$X$2=2),0,-1)))))) -> 2 | O1168: =D1168 -> 0 | P1168: =E1168 -> 1 | Q1168: =F1168 -> 0 | R1168: =G1168 -> 0 | S1168: =IF(HEX2DEC(H1168) >= 32768, (HEX2DEC(H1168) - 65535 - 1)/10, IF(HEX2DEC(H1168) = 32767, IF($X$2=2, S1169, 32767), HEX2DEC(H1168)/10 )) -> 2.9 | T1168: =IF(HEX2DEC(I1168) >= 32768, (HEX2DEC(I1168) - 65535 - 1)/10, IF(HEX2DEC(I1168) = 32767, IF($X$2=2, T1169, 32767), HEX2DEC(I1168)/10 )) -> 1.9 | U1168: =IF(HEX2DEC(J1168) >= 32768, (HEX2DEC(J1168) - 65535 - 1)/10, IF(HEX2DEC(J1168) = 32767, IF($X$2=2, U1169, 32767), IF(OR(AND(H1168="7fff", I1168="7fff", J1168="0",$X$2=2),AND(ABS(T1168)>2, J1168="0",$X$2=2)),U1169,HEX2DEC(J1168)/10 ))) -> 1.2
A1169: 65bad7d9 | B1169: 0 | C1169: 4 | D1169: 0 | E1169: 1 | F1169: 0 | G1169: 0 | H1169: b | I1169: ffff | J1169: 4 | L1169: =IF(AND((((HEX2DEC(A1169)/60)/60)/24)+DATE(1970,1,1) >= DATE(YEAR((((HEX2DEC(A1169)/60)/60)/24)+DATE(1970,1,1)),3,24)+WEEKDAY(DATE(YEAR((((HEX2DEC(A1169)/60)/60)/24)+DATE(1970,1,1)),3,31)-1), (((HEX2DEC(A1169)/60)/60)/24)+DATE(1970,1,1) < DATE(YEAR((((HEX2DEC(A1169)/60)/60)/24)+DATE(1970,1,1)),11,1)+26-WEEKDAY(DATE(YEAR((((HEX2DEC(A1169)/60)/60)/24)+DATE(1970,1,1)),11,1)-1)),(((HEX2DEC(A1169)/60)/60)/24)+DATE(1970,1,1)+2/24,(((HEX2DEC(A1169)/60)/60)/24)+DATE(1970,1,1)+1/24) -> 45323.02 | M1169: =IF('tab4'!$B1169=0,0,IF('tab4'!$B1169=1,1,IF('tab4'!$B1169=4,2,IF('tab4'!$B1169=5,3,IF('tab4'!$B1169=6,4,IF(AND('tab4'!$B1169=80,$X$2=2),0,-1)))))) -> 0 | N1169: =IF('tab4'!$C1169=0,0,IF('tab4'!$C1169=1,1,IF('tab4'!$C1169=4,2,IF('tab4'!$C1169=5,3,IF('tab4'!$C1169=6,4,IF(AND('tab4'!$C1169=80,$X$2=2),0,-1)))))) -> 2 | O1169: =D1169 -> 0 | P1169: =E1169 -> 1 | Q1169: =F1169 -> 0 | R1169: =G1169 -> 0 | S1169: =IF(HEX2DEC(H1169) >= 32768, (HEX2DEC(H1169) - 65535 - 1)/10, IF(HEX2DEC(H1169) = 32767, IF($X$2=2, S1170, 32767), HEX2DEC(H1169)/10 )) -> 1.1 | T1169: =IF(HEX2DEC(I1169) >= 32768, (HEX2DEC(I1169) - 65535 - 1)/10, IF(HEX2DEC(I1169) = 32767, IF($X$2=2, T1170, 32767), HEX2DEC(I1169)/10 )) -> -0.1 | U1169: =IF(HEX2DEC(J1169) >= 32768, (HEX2DEC(J1169) - 65535 - 1)/10, IF(HEX2DEC(J1169) = 32767, IF($X$2=2, U1170, 32767), IF(OR(AND(H1169="7fff", I1169="7fff", J1169="0",$X$2=2),AND(ABS(T1169)>2, J1169="0",$X$2=2)),U1170,HEX2DEC(J1169)/10 ))) -> 0.4
A1170: 65baf3f9 | B1170: 0 | C1170: 4 | D1170: 0 | E1170: 1 | F1170: 0 | G1170: 0 | H1170: fff8 | I1170: ffeb | J1170: fff3 | L1170: =IF(AND((((HEX2DEC(A1170)/60)/60)/24)+DATE(1970,1,1) >= DATE(YEAR((((HEX2DEC(A1170)/60)/60)/24)+DATE(1970,1,1)),3,24)+WEEKDAY(DATE(YEAR((((HEX2DEC(A1170)/60)/60)/24)+DATE(1970,1,1)),3,31)-1), (((HEX2DEC(A1170)/60)/60)/24)+DATE(1970,1,1) < DATE(YEAR((((HEX2DEC(A1170)/60)/60)/24)+DATE(1970,1,1)),11,1)+26-WEEKDAY(DATE(YEAR((((HEX2DEC(A1170)/60)/60)/24)+DATE(1970,1,1)),11,1)-1)),(((HEX2DEC(A1170)/60)/60)/24)+DATE(1970,1,1)+2/24,(((HEX2DEC(A1170)/60)/60)/24)+DATE(1970,1,1)+1/24) -> 45323.104 | M1170: =IF('tab4'!$B1170=0,0,IF('tab4'!$B1170=1,1,IF('tab4'!$B1170=4,2,IF('tab4'!$B1170=5,3,IF('tab4'!$B1170=6,4,IF(AND('tab4'!$B1170=80,$X$2=2),0,-1)))))) -> 0 | N1170: =IF('tab4'!$C1170=0,0,IF('tab4'!$C1170=1,1,IF('tab4'!$C1170=4,2,IF('tab4'!$C1170=5,3,IF('tab4'!$C1170=6,4,IF(AND('tab4'!$C1170=80,$X$2=2),0,-1)))))) -> 2 | O1170: =D1170 -> 0 | P1170: =E1170 -> 1 | Q1170: =F1170 -> 0 | R1170: =G1170 -> 0 | S1170: =IF(HEX2DEC(H1170) >= 32768, (HEX2DEC(H1170) - 65535 - 1)/10, IF(HEX2DEC(H1170) = 32767, IF($X$2=2, S1171, 32767), HEX2DEC(H1170)/10 )) -> -0.8 | T1170: =IF(HEX2DEC(I1170) >= 32768, (HEX2DEC(I1170) - 65535 - 1)/10, IF(HEX2DEC(I1170) = 32767, IF($X$2=2, T1171, 32767), HEX2DEC(I1170)/10 )) -> -2.1 | U1170: =IF(HEX2DEC(J1170) >= 32768, (HEX2DEC(J1170) - 65535 - 1)/10, IF(HEX2DEC(J1170) = 32767, IF($X$2=2, U1171, 32767), IF(OR(AND(H1170="7fff", I1170="7fff", J1170="0",$X$2=2),AND(ABS(T1170)>2, J1170="0",$X$2=2)),U1171,HEX2DEC(J1170)/10 ))) -> -1.3
A1171: 65bb1019 | B1171: 0 | C1171: 4 | D1171: 0 | E1171: 1 | F1171: 0 | G1171: 0 | H1171: 1 | I1171: fffc | J1171: c | L1171: =IF(AND((((HEX2DEC(A1171)/60)/60)/24)+DATE(1970,1,1) >= DATE(YEAR((((HEX2DEC(A1171)/60)/60)/24)+DATE(1970,1,1)),3,24)+WEEKDAY(DATE(YEAR((((HEX2DEC(A1171)/60)/60)/24)+DATE(1970,1,1)),3,31)-1), (((HEX2DEC(A1171)/60)/60)/24)+DATE(1970,1,1) < DATE(YEAR((((HEX2DEC(A1171)/60)/60)/24)+DATE(1970,1,1)),11,1)+26-WEEKDAY(DATE(YEAR((((HEX2DEC(A1171)/60)/60)/24)+DATE(1970,1,1)),11,1)-1)),(((HEX2DEC(A1171)/60)/60)/24)+DATE(1970,1,1)+2/24,(((HEX2DEC(A1171)/60)/60)/24)+DATE(1970,1,1)+1/24) -> 45323.187 | M1171: =IF('tab4'!$B1171=0,0,IF('tab4'!$B1171=1,1,IF('tab4'!$B1171=4,2,IF('tab4'!$B1171=5,3,IF('tab4'!$B1171=6,4,IF(AND('tab4'!$B1171=80,$X$2=2),0,-1)))))) -> 0 | N1171: =IF('tab4'!$C1171=0,0,IF('tab4'!$C1171=1,1,IF('tab4'!$C1171=4,2,IF('tab4'!$C1171=5,3,IF('tab4'!$C1171=6,4,IF(AND('tab4'!$C1171=80,$X$2=2),0,-1)))))) -> 2 | O1171: =D1171 -> 0 | P1171: =E1171 -> 1 | Q1171: =F1171 -> 0 | R1171: =G1171 -> 0 | S1171: =IF(HEX2DEC(H1171) >= 32768, (HEX2DEC(H1171) - 65535 - 1)/10, IF(HEX2DEC(H1171) = 32767, IF($X$2=2, S1172, 32767), HEX2DEC(H1171)/10 )) -> 0.1 | T1171: =IF(HEX2DEC(I1171) >= 32768, (HEX2DEC(I1171) - 65535 - 1)/10, IF(HEX2DEC(I1171) = 32767, IF($X$2=2, T1172, 32767), HEX2DEC(I1171)/10 )) -> -0.4 | U1171: =IF(HEX2DEC(J1171) >= 32768, (HEX2DEC(J1171) - 65535 - 1)/10, IF(HEX2DEC(J1171) = 32767, IF($X$2=2, U1172, 32767), IF(OR(AND(H1171="7fff", I1171="7fff", J1171="0",$X$2=2),AND(ABS(T1171)>2, J1171="0",$X$2=2)),U1172,HEX2DEC(J1171)/10 ))) -> 1.2
A1172: 65bb2c3a | B1172: 0 | C1172: 4 | D1172: 0 | E1172: 1 | F1172: 0 | G1172: 0 | H1172: 1a | I1172: 17 | J1172: 2f | L1172: =IF(AND((((HEX2DEC(A1172)/60)/60)/24)+DATE(1970,1,1) >= DATE(YEAR((((HEX2DEC(A1172)/60)/60)/24)+DATE(1970,1,1)),3,24)+WEEKDAY(DATE(YEAR((((HEX2DEC(A1172)/60)/60)/24)+DATE(1970,1,1)),3,31)-1), (((HEX2DEC(A1172)/60)/60)/24)+DATE(1970,1,1) < DATE(YEAR((((HEX2DEC(A1172)/60)/60)/24)+DATE(1970,1,1)),11,1)+26-WEEKDAY(DATE(YEAR((((HEX2DEC(A1172)/60)/60)/24)+DATE(1970,1,1)),11,1)-1)),(((HEX2DEC(A1172)/60)/60)/24)+DATE(1970,1,1)+2/24,(((HEX2DEC(A1172)/60)/60)/24)+DATE(1970,1,1)+1/24) -> 45323.27 | M1172: =IF('tab4'!$B1172=0,0,IF('tab4'!$B1172=1,1,IF('tab4'!$B1172=4,2,IF('tab4'!$B1172=5,3,IF('tab4'!$B1172=6,4,IF(AND('tab4'!$B1172=80,$X$2=2),0,-1)))))) -> 0 | N1172: =IF('tab4'!$C1172=0,0,IF('tab4'!$C1172=1,1,IF('tab4'!$C1172=4,2,IF('tab4'!$C1172=5,3,IF('tab4'!$C1172=6,4,IF(AND('tab4'!$C1172=80,$X$2=2),0,-1)))))) -> 2 | O1172: =D1172 -> 0 | P1172: =E1172 -> 1 | Q1172: =F1172 -> 0 | R1172: =G1172 -> 0 | S1172: =IF(HEX2DEC(H1172) >= 32768, (HEX2DEC(H1172) - 65535 - 1)/10, IF(HEX2DEC(H1172) = 32767, IF($X$2=2, S1173, 32767), HEX2DEC(H1172)/10 )) -> 2.6 | T1172: =IF(HEX2DEC(I1172) >= 32768, (HEX2DEC(I1172) - 65535 - 1)/10, IF(HEX2DEC(I1172) = 32767, IF($X$2=2, T1173, 32767), HEX2DEC(I1172)/10 )) -> 2.3 | U1172: =IF(HEX2DEC(J1172) >= 32768, (HEX2DEC(J1172) - 65535 - 1)/10, IF(HEX2DEC(J1172) = 32767, IF($X$2=2, U1173, 32767), IF(OR(AND(H1172="7fff", I1172="7fff", J1172="0",$X$2=2),AND(ABS(T1172)>2, J1172="0",$X$2=2)),U1173,HEX2DEC(J1172)/10 ))) -> 4.7
A1173: 65bb485a | B1173: 0 | C1173: 4 | D1173: 0 | E1173: 1 | F1173: 0 | G1173: 0 | H1173: 26 | I1173: 25 | J1173: 2a | L1173: =IF(AND((((HEX2DEC(A1173)/60)/60)/24)+DATE(1970,1,1) >= DATE(YEAR((((HEX2DEC(A1173)/60)/60)/24)+DATE(1970,1,1)),3,24)+WEEKDAY(DATE(YEAR((((HEX2DEC(A1173)/60)/60)/24)+DATE(1970,1,1)),3,31)-1), (((HEX2DEC(A1173)/60)/60)/24)+DATE(1970,1,1) < DATE(YEAR((((HEX2DEC(A1173)/60)/60)/24)+DATE(1970,1,1)),11,1)+26-WEEKDAY(DATE(YEAR((((HEX2DEC(A1173)/60)/60)/24)+DATE(1970,1,1)),11,1)-1)),(((HEX2DEC(A1173)/60)/60)/24)+DATE(1970,1,1)+2/24,(((HEX2DEC(A1173)/60)/60)/24)+DATE(1970,1,1)+1/24) -> 45323.354 | M1173: =IF('tab4'!$B1173=0,0,IF('tab4'!$B1173=1,1,IF('tab4'!$B1173=4,2,IF('tab4'!$B1173=5,3,IF('tab4'!$B1173=6,4,IF(AND('tab4'!$B1173=80,$X$2=2),0,-1)))))) -> 0 | N1173: =IF('tab4'!$C1173=0,0,IF('tab4'!$C1173=1,1,IF('tab4'!$C1173=4,2,IF('tab4'!$C1173=5,3,IF('tab4'!$C1173=6,4,IF(AND('tab4'!$C1173=80,$X$2=2),0,-1)))))) -> 2 | O1173: =D1173 -> 0 | P1173: =E1173 -> 1 | Q1173: =F1173 -> 0 | R1173: =G1173 -> 0 | S1173: =IF(HEX2DEC(H1173) >= 32768, (HEX2DEC(H1173) - 65535 - 1)/10, IF(HEX2DEC(H1173) = 32767, IF($X$2=2, S1174, 32767), HEX2DEC(H1173)/10 )) -> 3.8 | T1173: =IF(HEX2DEC(I1173) >= 32768, (HEX2DEC(I1173) - 65535 - 1)/10, IF(HEX2DEC(I1173) = 32767, IF($X$2=2, T1174, 32767), HEX2DEC(I1173)/10 )) -> 3.7 | U1173: =IF(HEX2DEC(J1173) >= 32768, (HEX2DEC(J1173) - 65535 - 1)/10, IF(HEX2DEC(J1173) = 32767, IF($X$2=2, U1174, 32767), IF(OR(AND(H1173="7fff", I1173="7fff", J1173="0",$X$2=2),AND(ABS(T1173)>2, J1173="0",$X$2=2)),U1174,HEX2DEC(J1173)/10 ))) -> 4.2
A1174: 65bb51fa | B1174: 0 | C1174: 0 | D1174: 0 | E1174: 0 | F1174: 0 | G1174: 0 | H1174: 29 | I1174: 29 | J1174: 2b | L1174: =IF(AND((((HEX2DEC(A1174)/60)/60)/24)+DATE(1970,1,1) >= DATE(YEAR((((HEX2DEC(A1174)/60)/60)/24)+DATE(1970,1,1)),3,24)+WEEKDAY(DATE(YEAR((((HEX2DEC(A1174)/60)/60)/24)+DATE(1970,1,1)),3,31)-1), (((HEX2DEC(A1174)/60)/60)/24)+DATE(1970,1,1) < DATE(YEAR((((HEX2DEC(A1174)/60)/60)/24)+DATE(1970,1,1)),11,1)+26-WEEKDAY(DATE(YEAR((((HEX2DEC(A1174)/60)/60)/24)+DATE(1970,1,1)),11,1)-1)),(((HEX2DEC(A1174)/60)/60)/24)+DATE(1970,1,1)+2/24,(((HEX2DEC(A1174)/60)/60)/24)+DATE(1970,1,1)+1/24) -> 45323.382 | M1174: =IF('tab4'!$B1174=0,0,IF('tab4'!$B1174=1,1,IF('tab4'!$B1174=4,2,IF('tab4'!$B1174=5,3,IF('tab4'!$B1174=6,4,IF(AND('tab4'!$B1174=80,$X$2=2),0,-1)))))) -> 0 | N1174: =IF('tab4'!$C1174=0,0,IF('tab4'!$C1174=1,1,IF('tab4'!$C1174=4,2,IF('tab4'!$C1174=5,3,IF('tab4'!$C1174=6,4,IF(AND('tab4'!$C1174=80,$X$2=2),0,-1)))))) -> 0 | O1174: =D1174 -> 0 | P1174: =E1174 -> 0 | Q1174: =F1174 -> 0 | R1174: =G1174 -> 0 | S1174: =IF(HEX2DEC(H1174) >= 32768, (HEX2DEC(H1174) - 65535 - 1)/10, IF(HEX2DEC(H1174) = 32767, IF($X$2=2, S1175, 32767), HEX2DEC(H1174)/10 )) -> 4.1 | T1174: =IF(HEX2DEC(I1174) >= 32768, (HEX2DEC(I1174) - 65535 - 1)/10, IF(HEX2DEC(I1174) = 32767, IF($X$2=2, T1175, 32767), HEX2DEC(I1174)/10 )) -> 4.1 | U1174: =IF(HEX2DEC(J1174) >= 32768, (HEX2DEC(J1174) - 65535 - 1)/10, IF(HEX2DEC(J1174) = 32767, IF($X$2=2, U1175, 32767), IF(OR(AND(H1174="7fff", I1174="7fff", J1174="0",$X$2=2),AND(ABS(T1174)>2, J1174="0",$X$2=2)),U1175,HEX2DEC(J1174)/10 ))) -> 4.3
A1175: 65bb6e1b | B1175: 0 | C1175: 0 | D1175: 0 | E1175: 0 | F1175: 0 | G1175: 0 | H1175: 39 | I1175: 3a | J1175: 3a | L1175: =IF(AND((((HEX2DEC(A1175)/60)/60)/24)+DATE(1970,1,1) >= DATE(YEAR((((HEX2DEC(A1175)/60)/60)/24)+DATE(1970,1,1)),3,24)+WEEKDAY(DATE(YEAR((((HEX2DEC(A1175)/60)/60)/24)+DATE(1970,1,1)),3,31)-1), (((HEX2DEC(A1175)/60)/60)/24)+DATE(1970,1,1) < DATE(YEAR((((HEX2DEC(A1175)/60)/60)/24)+DATE(1970,1,1)),11,1)+26-WEEKDAY(DATE(YEAR((((HEX2DEC(A1175)/60)/60)/24)+DATE(1970,1,1)),11,1)-1)),(((HEX2DEC(A1175)/60)/60)/24)+DATE(1970,1,1)+2/24,(((HEX2DEC(A1175)/60)/60)/24)+DATE(1970,1,1)+1/24) -> 45323.466 | M1175: =IF('tab4'!$B1175=0,0,IF('tab4'!$B1175=1,1,IF('tab4'!$B1175=4,2,IF('tab4'!$B1175=5,3,IF('tab4'!$B1175=6,4,IF(AND('tab4'!$B1175=80,$X$2=2),0,-1)))))) -> 0 | N1175: =IF('tab4'!$C1175=0,0,IF('tab4'!$C1175=1,1,IF('tab4'!$C1175=4,2,IF('tab4'!$C1175=5,3,IF('tab4'!$C1175=6,4,IF(AND('tab4'!$C1175=80,$X$2=2),0,-1)))))) -> 0 | O1175: =D1175 -> 0 | P1175: =E1175 -> 0 | Q1175: =F1175 -> 0 | R1175: =G1175 -> 0 | S1175: =IF(HEX2DEC(H1175) >= 32768, (HEX2DEC(H1175) - 65535 - 1)/10, IF(HEX2DEC(H1175) = 32767, IF($X$2=2, S1176, 32767), HEX2DEC(H1175)/10 )) -> 5.7 | T1175: =IF(HEX2DEC(I1175) >= 32768, (HEX2DEC(I1175) - 65535 - 1)/10, IF(HEX2DEC(I1175) = 32767, IF($X$2=2, T1176, 32767), HEX2DEC(I1175)/10 )) -> 5.8 | U1175: =IF(HEX2DEC(J1175) >= 32768, (HEX2DEC(J1175) - 65535 - 1)/10, IF(HEX2DEC(J1175) = 32767, IF($X$2=2, U1176, 32767), IF(OR(AND(H1175="7fff", I1175="7fff", J1175="0",$X$2=2),AND(ABS(T1175)>2, J1175="0",$X$2=2)),U1176,HEX2DEC(J1175)/10 ))) -> 5.8
A1176: 65bb8a3b | B1176: 0 | C1176: 0 | D1176: 0 | E1176: 0 | F1176: 0 | G1176: 0 | H1176: 44 | I1176: 4a | J1176: 4b | L1176: =IF(AND((((HEX2DEC(A1176)/60)/60)/24)+DATE(1970,1,1) >= DATE(YEAR((((HEX2DEC(A1176)/60)/60)/24)+DATE(1970,1,1)),3,24)+WEEKDAY(DATE(YEAR((((HEX2DEC(A1176)/60)/60)/24)+DATE(1970,1,1)),3,31)-1), (((HEX2DEC(A1176)/60)/60)/24)+DATE(1970,1,1) < DATE(YEAR((((HEX2DEC(A1176)/60)/60)/24)+DATE(1970,1,1)),11,1)+26-WEEKDAY(DATE(YEAR((((HEX2DEC(A1176)/60)/60)/24)+DATE(1970,1,1)),11,1)-1)),(((HEX2DEC(A1176)/60)/60)/24)+DATE(1970,1,1)+2/24,(((HEX2DEC(A1176)/60)/60)/24)+DATE(1970,1,1)+1/24) -> 45323.549 | M1176: =IF('tab4'!$B1176=0,0,IF('tab4'!$B1176=1,1,IF('tab4'!$B1176=4,2,IF('tab4'!$B1176=5,3,IF('tab4'!$B1176=6,4,IF(AND('tab4'!$B1176=80,$X$2=2),0,-1)))))) -> 0 | N1176: =IF('tab4'!$C1176=0,0,IF('tab4'!$C1176=1,1,IF('tab4'!$C1176=4,2,IF('tab4'!$C1176=5,3,IF('tab4'!$C1176=6,4,IF(AND('tab4'!$C1176=80,$X$2=2),0,-1)))))) -> 0 | O1176: =D1176 -> 0 | P1176: =E1176 -> 0 | Q1176: =F1176 -> 0 | R1176: =G1176 -> 0 | S1176: =IF(HEX2DEC(H1176) >= 32768, (HEX2DEC(H1176) - 65535 - 1)/10, IF(HEX2DEC(H1176) = 32767, IF($X$2=2, S1177, 32767), HEX2DEC(H1176)/10 )) -> 6.8 | T1176: =IF(HEX2DEC(I1176) >= 32768, (HEX2DEC(I1176) - 65535 - 1)/10, IF(HEX2DEC(I1176) = 32767, IF($X$2=2, T1177, 32767), HEX2DEC(I1176)/10 )) -> 7.4 | U1176: =IF(HEX2DEC(J1176) >= 32768, (HEX2DEC(J1176) - 65535 - 1)/10, IF(HEX2DEC(J1176) = 32767, IF($X$2=2, U1177, 32767), IF(OR(AND(H1176="7fff", I1176="7fff", J1176="0",$X$2=2),AND(ABS(T1176)>2, J1176="0",$X$2=2)),U1177,HEX2DEC(J1176)/10 ))) -> 7.5
A1177: 65bba65b | B1177: 0 | C1177: 0 | D1177: 0 | E1177: 0 | F1177: 0 | G1177: 0 | H1177: 5a | I1177: 85 | J1177: 5a | L1177: =IF(AND((((HEX2DEC(A1177)/60)/60)/24)+DATE(1970,1,1) >= DATE(YEAR((((HEX2DEC(A1177)/60)/60)/24)+DATE(1970,1,1)),3,24)+WEEKDAY(DATE(YEAR((((HEX2DEC(A1177)/60)/60)/24)+DATE(1970,1,1)),3,31)-1), (((HEX2DEC(A1177)/60)/60)/24)+DATE(1970,1,1) < DATE(YEAR((((HEX2DEC(A1177)/60)/60)/24)+DATE(1970,1,1)),11,1)+26-WEEKDAY(DATE(YEAR((((HEX2DEC(A1177)/60)/60)/24)+DATE(1970,1,1)),11,1)-1)),(((HEX2DEC(A1177)/60)/60)/24)+DATE(1970,1,1)+2/24,(((HEX2DEC(A1177)/60)/60)/24)+DATE(1970,1,1)+1/24) -> 45323.632 | M1177: =IF('tab4'!$B1177=0,0,IF('tab4'!$B1177=1,1,IF('tab4'!$B1177=4,2,IF('tab4'!$B1177=5,3,IF('tab4'!$B1177=6,4,IF(AND('tab4'!$B1177=80,$X$2=2),0,-1)))))) -> 0 | N1177: =IF('tab4'!$C1177=0,0,IF('tab4'!$C1177=1,1,IF('tab4'!$C1177=4,2,IF('tab4'!$C1177=5,3,IF('tab4'!$C1177=6,4,IF(AND('tab4'!$C1177=80,$X$2=2),0,-1)))))) -> 0 | O1177: =D1177 -> 0 | P1177: =E1177 -> 0 | Q1177: =F1177 -> 0 | R1177: =G1177 -> 0 | S1177: =IF(HEX2DEC(H1177) >= 32768, (HEX2DEC(H1177) - 65535 - 1)/10, IF(HEX2DEC(H1177) = 32767, IF($X$2=2, S1178, 32767), HEX2DEC(H1177)/10 )) -> 9 | T1177: =IF(HEX2DEC(I1177) >= 32768, (HEX2DEC(I1177) - 65535 - 1)/10, IF(HEX2DEC(I1177) = 32767, IF($X$2=2, T1178, 32767), HEX2DEC(I1177)/10 )) -> 13.3 | U1177: =IF(HEX2DEC(J1177) >= 32768, (HEX2DEC(J1177) - 65535 - 1)/10, IF(HEX2DEC(J1177) = 32767, IF($X$2=2, U1178, 32767), IF(OR(AND(H1177="7fff", I1177="7fff", J1177="0",$X$2=2),AND(ABS(T1177)>2, J1177="0",$X$2=2)),U1178,HEX2DEC(J1177)/10 ))) -> 9
A1178: 65bbc27c | B1178: 0 | C1178: 0 | D1178: 0 | E1178: 0 | F1178: 0 | G1178: 0 | H1178: 3f | I1178: 3f | J1178: 3d | L1178: =IF(AND((((HEX2DEC(A1178)/60)/60)/24)+DATE(1970,1,1) >= DATE(YEAR((((HEX2DEC(A1178)/60)/60)/24)+DATE(1970,1,1)),3,24)+WEEKDAY(DATE(YEAR((((HEX2DEC(A1178)/60)/60)/24)+DATE(1970,1,1)),3,31)-1), (((HEX2DEC(A1178)/60)/60)/24)+DATE(1970,1,1) < DATE(YEAR((((HEX2DEC(A1178)/60)/60)/24)+DATE(1970,1,1)),11,1)+26-WEEKDAY(DATE(YEAR((((HEX2DEC(A1178)/60)/60)/24)+DATE(1970,1,1)),11,1)-1)),(((HEX2DEC(A1178)/60)/60)/24)+DATE(1970,1,1)+2/24,(((HEX2DEC(A1178)/60)/60)/24)+DATE(1970,1,1)+1/24) -> 45323.716 | M1178: =IF('tab4'!$B1178=0,0,IF('tab4'!$B1178=1,1,IF('tab4'!$B1178=4,2,IF('tab4'!$B1178=5,3,IF('tab4'!$B1178=6,4,IF(AND('tab4'!$B1178=80,$X$2=2),0,-1)))))) -> 0 | N1178: =IF('tab4'!$C1178=0,0,IF('tab4'!$C1178=1,1,IF('tab4'!$C1178=4,2,IF('tab4'!$C1178=5,3,IF('tab4'!$C1178=6,4,IF(AND('tab4'!$C1178=80,$X$2=2),0,-1)))))) -> 0 | O1178: =D1178 -> 0 | P1178: =E1178 -> 0 | Q1178: =F1178 -> 0 | R1178: =G1178 -> 0 | S1178: =IF(HEX2DEC(H1178) >= 32768, (HEX2DEC(H1178) - 65535 - 1)/10, IF(HEX2DEC(H1178) = 32767, IF($X$2=2, S1179, 32767), HEX2DEC(H1178)/10 )) -> 6.3 | T1178: =IF(HEX2DEC(I1178) >= 32768, (HEX2DEC(I1178) - 65535 - 1)/10, IF(HEX2DEC(I1178) = 32767, IF($X$2=2, T1179, 32767), HEX2DEC(I1178)/10 )) -> 6.3 | U1178: =IF(HEX2DEC(J1178) >= 32768, (HEX2DEC(J1178) - 65535 - 1)/10, IF(HEX2DEC(J1178) = 32767, IF($X$2=2, U1179, 32767), IF(OR(AND(H1178="7fff", I1178="7fff", J1178="0",$X$2=2),AND(ABS(T1178)>2, J1178="0",$X$2=2)),U1179,HEX2DEC(J1178)/10 ))) -> 6.1
A1179: 65bbde9c | B1179: 0 | C1179: 0 | D1179: 0 | E1179: 0 | F1179: 0 | G1179: 0 | H1179: 36 | I1179: 32 | J1179: 3a | L1179: =IF(AND((((HEX2DEC(A1179)/60)/60)/24)+DATE(1970,1,1) >= DATE(YEAR((((HEX2DEC(A1179)/60)/60)/24)+DATE(1970,1,1)),3,24)+WEEKDAY(DATE(YEAR((((HEX2DEC(A1179)/60)/60)/24)+DATE(1970,1,1)),3,31)-1), (((HEX2DEC(A1179)/60)/60)/24)+DATE(1970,1,1) < DATE(YEAR((((HEX2DEC(A1179)/60)/60)/24)+DATE(1970,1,1)),11,1)+26-WEEKDAY(DATE(YEAR((((HEX2DEC(A1179)/60)/60)/24)+DATE(1970,1,1)),11,1)-1)),(((HEX2DEC(A1179)/60)/60)/24)+DATE(1970,1,1)+2/24,(((HEX2DEC(A1179)/60)/60)/24)+DATE(1970,1,1)+1/24) -> 45323.799 | M1179: =IF('tab4'!$B1179=0,0,IF('tab4'!$B1179=1,1,IF('tab4'!$B1179=4,2,IF('tab4'!$B1179=5,3,IF('tab4'!$B1179=6,4,IF(AND('tab4'!$B1179=80,$X$2=2),0,-1)))))) -> 0 | N1179: =IF('tab4'!$C1179=0,0,IF('tab4'!$C1179=1,1,IF('tab4'!$C1179=4,2,IF('tab4'!$C1179=5,3,IF('tab4'!$C1179=6,4,IF(AND('tab4'!$C1179=80,$X$2=2),0,-1)))))) -> 0 | O1179: =D1179 -> 0 | P1179: =E1179 -> 0 | Q1179: =F1179 -> 0 | R1179: =G1179 -> 0 | S1179: =IF(HEX2DEC(H1179) >= 32768, (HEX2DEC(H1179) - 65535 - 1)/10, IF(HEX2DEC(H1179) = 32767, IF($X$2=2, S1180, 32767), HEX2DEC(H1179)/10 )) -> 5.4 | T1179: =IF(HEX2DEC(I1179) >= 32768, (HEX2DEC(I1179) - 65535 - 1)/10, IF(HEX2DEC(I1179) = 32767, IF($X$2=2, T1180, 32767), HEX2DEC(I1179)/10 )) -> 5 | U1179: =IF(HEX2DEC(J1179) >= 32768, (HEX2DEC(J1179) - 65535 - 1)/10, IF(HEX2DEC(J1179) = 32767, IF($X$2=2, U1180, 32767), IF(OR(AND(H1179="7fff", I1179="7fff", J1179="0",$X$2=2),AND(ABS(T1179)>2, J1179="0",$X$2=2)),U1180,HEX2DEC(J1179)/10 ))) -> 5.8
A1180: 65bbfabd | B1180: 0 | C1180: 0 | D1180: 0 | E1180: 0 | F1180: 0 | G1180: 0 | H1180: 29 | I1180: 24 | J1180: 2f | L1180: =IF(AND((((HEX2DEC(A1180)/60)/60)/24)+DATE(1970,1,1) >= DATE(YEAR((((HEX2DEC(A1180)/60)/60)/24)+DATE(1970,1,1)),3,24)+WEEKDAY(DATE(YEAR((((HEX2DEC(A1180)/60)/60)/24)+DATE(1970,1,1)),3,31)-1), (((HEX2DEC(A1180)/60)/60)/24)+DATE(1970,1,1) < DATE(YEAR((((HEX2DEC(A1180)/60)/60)/24)+DATE(1970,1,1)),11,1)+26-WEEKDAY(DATE(YEAR((((HEX2DEC(A1180)/60)/60)/24)+DATE(1970,1,1)),11,1)-1)),(((HEX2DEC(A1180)/60)/60)/24)+DATE(1970,1,1)+2/24,(((HEX2DEC(A1180)/60)/60)/24)+DATE(1970,1,1)+1/24) -> 45323.882 | M1180: =IF('tab4'!$B1180=0,0,IF('tab4'!$B1180=1,1,IF('tab4'!$B1180=4,2,IF('tab4'!$B1180=5,3,IF('tab4'!$B1180=6,4,IF(AND('tab4'!$B1180=80,$X$2=2),0,-1)))))) -> 0 | N1180: =IF('tab4'!$C1180=0,0,IF('tab4'!$C1180=1,1,IF('tab4'!$C1180=4,2,IF('tab4'!$C1180=5,3,IF('tab4'!$C1180=6,4,IF(AND('tab4'!$C1180=80,$X$2=2),0,-1)))))) -> 0 | O1180: =D1180 -> 0 | P1180: =E1180 -> 0 | Q1180: =F1180 -> 0 | R1180: =G1180 -> 0 | S1180: =IF(HEX2DEC(H1180) >= 32768, (HEX2DEC(H1180) - 65535 - 1)/10, IF(HEX2DEC(H1180) = 32767, IF($X$2=2, S1181, 32767), HEX2DEC(H1180)/10 )) -> 4.1 | T1180: =IF(HEX2DEC(I1180) >= 32768, (HEX2DEC(I1180) - 65535 - 1)/10, IF(HEX2DEC(I1180) = 32767, IF($X$2=2, T1181, 32767), HEX2DEC(I1180)/10 )) -> 3.6 | U1180: =IF(HEX2DEC(J1180) >= 32768, (HEX2DEC(J1180) - 65535 - 1)/10, IF(HEX2DEC(J1180) = 32767, IF($X$2=2, U1181, 32767), IF(OR(AND(H1180="7fff", I1180="7fff", J1180="0",$X$2=2),AND(ABS(T1180)>2, J1180="0",$X$2=2)),U1181,HEX2DEC(J1180)/10 ))) -> 4.7
A1181: 65bc16de | B1181: 0 | C1181: 0 | D1181: 0 | E1181: 0 | F1181: 0 | G1181: 0 | H1181: 2d | I1181: 2a | J1181: 31 | L1181: =IF(AND((((HEX2DEC(A1181)/60)/60)/24)+DATE(1970,1,1) >= DATE(YEAR((((HEX2DEC(A1181)/60)/60)/24)+DATE(1970,1,1)),3,24)+WEEKDAY(DATE(YEAR((((HEX2DEC(A1181)/60)/60)/24)+DATE(1970,1,1)),3,31)-1), (((HEX2DEC(A1181)/60)/60)/24)+DATE(1970,1,1) < DATE(YEAR((((HEX2DEC(A1181)/60)/60)/24)+DATE(1970,1,1)),11,1)+26-WEEKDAY(DATE(YEAR((((HEX2DEC(A1181)/60)/60)/24)+DATE(1970,1,1)),11,1)-1)),(((HEX2DEC(A1181)/60)/60)/24)+DATE(1970,1,1)+2/24,(((HEX2DEC(A1181)/60)/60)/24)+DATE(1970,1,1)+1/24) -> 45323.966 | M1181: =IF('tab4'!$B1181=0,0,IF('tab4'!$B1181=1,1,IF('tab4'!$B1181=4,2,IF('tab4'!$B1181=5,3,IF('tab4'!$B1181=6,4,IF(AND('tab4'!$B1181=80,$X$2=2),0,-1)))))) -> 0 | N1181: =IF('tab4'!$C1181=0,0,IF('tab4'!$C1181=1,1,IF('tab4'!$C1181=4,2,IF('tab4'!$C1181=5,3,IF('tab4'!$C1181=6,4,IF(AND('tab4'!$C1181=80,$X$2=2),0,-1)))))) -> 0 | O1181: =D1181 -> 0 | P1181: =E1181 -> 0 | Q1181: =F1181 -> 0 | R1181: =G1181 -> 0 | S1181: =IF(HEX2DEC(H1181) >= 32768, (HEX2DEC(H1181) - 65535 - 1)/10, IF(HEX2DEC(H1181) = 32767, IF($X$2=2, S1182, 32767), HEX2DEC(H1181)/10 )) -> 4.5 | T1181: =IF(HEX2DEC(I1181) >= 32768, (HEX2DEC(I1181) - 65535 - 1)/10, IF(HEX2DEC(I1181) = 32767, IF($X$2=2, T1182, 32767), HEX2DEC(I1181)/10 )) -> 4.2 | U1181: =IF(HEX2DEC(J1181) >= 32768, (HEX2DEC(J1181) - 65535 - 1)/10, IF(HEX2DEC(J1181) = 32767, IF($X$2=2, U1182, 32767), IF(OR(AND(H1181="7fff", I1181="7fff", J1181="0",$X$2=2),AND(ABS(T1181)>2, J1181="0",$X$2=2)),U1182,HEX2DEC(J1181)/10 ))) -> 4.9
A1182: 65bc32fe | B1182: 0 | C1182: 0 | D1182: 0 | E1182: 0 | F1182: 0 | G1182: 0 | H1182: 28 | I1182: 25 | J1182: 2a | L1182: =IF(AND((((HEX2DEC(A1182)/60)/60)/24)+DATE(1970,1,1) >= DATE(YEAR((((HEX2DEC(A1182)/60)/60)/24)+DATE(1970,1,1)),3,24)+WEEKDAY(DATE(YEAR((((HEX2DEC(A1182)/60)/60)/24)+DATE(1970,1,1)),3,31)-1), (((HEX2DEC(A1182)/60)/60)/24)+DATE(1970,1,1) < DATE(YEAR((((HEX2DEC(A1182)/60)/60)/24)+DATE(1970,1,1)),11,1)+26-WEEKDAY(DATE(YEAR((((HEX2DEC(A1182)/60)/60)/24)+DATE(1970,1,1)),11,1)-1)),(((HEX2DEC(A1182)/60)/60)/24)+DATE(1970,1,1)+2/24,(((HEX2DEC(A1182)/60)/60)/24)+DATE(1970,1,1)+1/24) -> 45324.049 | M1182: =IF('tab4'!$B1182=0,0,IF('tab4'!$B1182=1,1,IF('tab4'!$B1182=4,2,IF('tab4'!$B1182=5,3,IF('tab4'!$B1182=6,4,IF(AND('tab4'!$B1182=80,$X$2=2),0,-1)))))) -> 0 | N1182: =IF('tab4'!$C1182=0,0,IF('tab4'!$C1182=1,1,IF('tab4'!$C1182=4,2,IF('tab4'!$C1182=5,3,IF('tab4'!$C1182=6,4,IF(AND('tab4'!$C1182=80,$X$2=2),0,-1)))))) -> 0 | O1182: =D1182 -> 0 | P1182: =E1182 -> 0 | Q1182: =F1182 -> 0 | R1182: =G1182 -> 0 | S1182: =IF(HEX2DEC(H1182) >= 32768, (HEX2DEC(H1182) - 65535 - 1)/10, IF(HEX2DEC(H1182) = 32767, IF($X$2=2, S1183, 32767), HEX2DEC(H1182)/10 )) -> 4 | T1182: =IF(HEX2DEC(I1182) >= 32768, (HEX2DEC(I1182) - 65535 - 1)/10, IF(HEX2DEC(I1182) = 32767, IF($X$2=2, T1183, 32767), HEX2DEC(I1182)/10 )) -> 3.7 | U1182: =IF(HEX2DEC(J1182) >= 32768, (HEX2DEC(J1182) - 65535 - 1)/10, IF(HEX2DEC(J1182) = 32767, IF($X$2=2, U1183, 32767), IF(OR(AND(H1182="7fff", I1182="7fff", J1182="0",$X$2=2),AND(ABS(T1182)>2, J1182="0",$X$2=2)),U1183,HEX2DEC(J1182)/10 ))) -> 4.2
A1183: 65bc4f1e | B1183: 0 | C1183: 0 | D1183: 0 | E1183: 0 | F1183: 0 | G1183: 0 | H1183: 24 | I1183: 1f | J1183: 24 | L1183: =IF(AND((((HEX2DEC(A1183)/60)/60)/24)+DATE(1970,1,1) >= DATE(YEAR((((HEX2DEC(A1183)/60)/60)/24)+DATE(1970,1,1)),3,24)+WEEKDAY(DATE(YEAR((((HEX2DEC(A1183)/60)/60)/24)+DATE(1970,1,1)),3,31)-1), (((HEX2DEC(A1183)/60)/60)/24)+DATE(1970,1,1) < DATE(YEAR((((HEX2DEC(A1183)/60)/60)/24)+DATE(1970,1,1)),11,1)+26-WEEKDAY(DATE(YEAR((((HEX2DEC(A1183)/60)/60)/24)+DATE(1970,1,1)),11,1)-1)),(((HEX2DEC(A1183)/60)/60)/24)+DATE(1970,1,1)+2/24,(((HEX2DEC(A1183)/60)/60)/24)+DATE(1970,1,1)+1/24) -> 45324.132 | M1183: =IF('tab4'!$B1183=0,0,IF('tab4'!$B1183=1,1,IF('tab4'!$B1183=4,2,IF('tab4'!$B1183=5,3,IF('tab4'!$B1183=6,4,IF(AND('tab4'!$B1183=80,$X$2=2),0,-1)))))) -> 0 | N1183: =IF('tab4'!$C1183=0,0,IF('tab4'!$C1183=1,1,IF('tab4'!$C1183=4,2,IF('tab4'!$C1183=5,3,IF('tab4'!$C1183=6,4,IF(AND('tab4'!$C1183=80,$X$2=2),0,-1)))))) -> 0 | O1183: =D1183 -> 0 | P1183: =E1183 -> 0 | Q1183: =F1183 -> 0 | R1183: =G1183 -> 0 | S1183: =IF(HEX2DEC(H1183) >= 32768, (HEX2DEC(H1183) - 65535 - 1)/10, IF(HEX2DEC(H1183) = 32767, IF($X$2=2, S1184, 32767), HEX2DEC(H1183)/10 )) -> 3.6 | T1183: =IF(HEX2DEC(I1183) >= 32768, (HEX2DEC(I1183) - 65535 - 1)/10, IF(HEX2DEC(I1183) = 32767, IF($X$2=2, T1184, 32767), HEX2DEC(I1183)/10 )) -> 3.1 | U1183: =IF(HEX2DEC(J1183) >= 32768, (HEX2DEC(J1183) - 65535 - 1)/10, IF(HEX2DEC(J1183) = 32767, IF($X$2=2, U1184, 32767), IF(OR(AND(H1183="7fff", I1183="7fff", J1183="0",$X$2=2),AND(ABS(T1183)>2, J1183="0",$X$2=2)),U1184,HEX2DEC(J1183)/10 ))) -> 3.6
A1184: 65bc6b3f | B1184: 0 | C1184: 0 | D1184: 0 | E1184: 0 | F1184: 0 | G1184: 0 | H1184: 1f | I1184: 1a | J1184: 20 | L1184: =IF(AND((((HEX2DEC(A1184)/60)/60)/24)+DATE(1970,1,1) >= DATE(YEAR((((HEX2DEC(A1184)/60)/60)/24)+DATE(1970,1,1)),3,24)+WEEKDAY(DATE(YEAR((((HEX2DEC(A1184)/60)/60)/24)+DATE(1970,1,1)),3,31)-1), (((HEX2DEC(A1184)/60)/60)/24)+DATE(1970,1,1) < DATE(YEAR((((HEX2DEC(A1184)/60)/60)/24)+DATE(1970,1,1)),11,1)+26-WEEKDAY(DATE(YEAR((((HEX2DEC(A1184)/60)/60)/24)+DATE(1970,1,1)),11,1)-1)),(((HEX2DEC(A1184)/60)/60)/24)+DATE(1970,1,1)+2/24,(((HEX2DEC(A1184)/60)/60)/24)+DATE(1970,1,1)+1/24) -> 45324.216 | M1184: =IF('tab4'!$B1184=0,0,IF('tab4'!$B1184=1,1,IF('tab4'!$B1184=4,2,IF('tab4'!$B1184=5,3,IF('tab4'!$B1184=6,4,IF(AND('tab4'!$B1184=80,$X$2=2),0,-1)))))) -> 0 | N1184: =IF('tab4'!$C1184=0,0,IF('tab4'!$C1184=1,1,IF('tab4'!$C1184=4,2,IF('tab4'!$C1184=5,3,IF('tab4'!$C1184=6,4,IF(AND('tab4'!$C1184=80,$X$2=2),0,-1)))))) -> 0 | O1184: =D1184 -> 0 | P1184: =E1184 -> 0 | Q1184: =F1184 -> 0 | R1184: =G1184 -> 0 | S1184: =IF(HEX2DEC(H1184) >= 32768, (HEX2DEC(H1184) - 65535 - 1)/10, IF(HEX2DEC(H1184) = 32767, IF($X$2=2, S1185, 32767), HEX2DEC(H1184)/10 )) -> 3.1 | T1184: =IF(HEX2DEC(I1184) >= 32768, (HEX2DEC(I1184) - 65535 - 1)/10, IF(HEX2DEC(I1184) = 32767, IF($X$2=2, T1185, 32767), HEX2DEC(I1184)/10 )) -> 2.6 | U1184: =IF(HEX2DEC(J1184) >= 32768, (HEX2DEC(J1184) - 65535 - 1)/10, IF(HEX2DEC(J1184) = 32767, IF($X$2=2, U1185, 32767), IF(OR(AND(H1184="7fff", I1184="7fff", J1184="0",$X$2=2),AND(ABS(T1184)>2, J1184="0",$X$2=2)),U1185,HEX2DEC(J1184)/10 ))) -> 3.2
A1185: 65bc875f | B1185: 0 | C1185: 0 | D1185: 0 | E1185: 0 | F1185: 0 | G1185: 0 | H1185: 1e | I1185: 1a | J1185: 21 | L1185: =IF(AND((((HEX2DEC(A1185)/60)/60)/24)+DATE(1970,1,1) >= DATE(YEAR((((HEX2DEC(A1185)/60)/60)/24)+DATE(1970,1,1)),3,24)+WEEKDAY(DATE(YEAR((((HEX2DEC(A1185)/60)/60)/24)+DATE(1970,1,1)),3,31)-1), (((HEX2DEC(A1185)/60)/60)/24)+DATE(1970,1,1) < DATE(YEAR((((HEX2DEC(A1185)/60)/60)/24)+DATE(1970,1,1)),11,1)+26-WEEKDAY(DATE(YEAR((((HEX2DEC(A1185)/60)/60)/24)+DATE(1970,1,1)),11,1)-1)),(((HEX2DEC(A1185)/60)/60)/24)+DATE(1970,1,1)+2/24,(((HEX2DEC(A1185)/60)/60)/24)+DATE(1970,1,1)+1/24) -> 45324.299 | M1185: =IF('tab4'!$B1185=0,0,IF('tab4'!$B1185=1,1,IF('tab4'!$B1185=4,2,IF('tab4'!$B1185=5,3,IF('tab4'!$B1185=6,4,IF(AND('tab4'!$B1185=80,$X$2=2),0,-1)))))) -> 0 | N1185: =IF('tab4'!$C1185=0,0,IF('tab4'!$C1185=1,1,IF('tab4'!$C1185=4,2,IF('tab4'!$C1185=5,3,IF('tab4'!$C1185=6,4,IF(AND('tab4'!$C1185=80,$X$2=2),0,-1)))))) -> 0 | O1185: =D1185 -> 0 | P1185: =E1185 -> 0 | Q1185: =F1185 -> 0 | R1185: =G1185 -> 0 | S1185: =IF(HEX2DEC(H1185) >= 32768, (HEX2DEC(H1185) - 65535 - 1)/10, IF(HEX2DEC(H1185) = 32767, IF($X$2=2, S1186, 32767), HEX2DEC(H1185)/10 )) -> 3 | T1185: =IF(HEX2DEC(I1185) >= 32768, (HEX2DEC(I1185) - 65535 - 1)/10, IF(HEX2DEC(I1185) = 32767, IF($X$2=2, T1186, 32767), HEX2DEC(I1185)/10 )) -> 2.6 | U1185: =IF(HEX2DEC(J1185) >= 32768, (HEX2DEC(J1185) - 65535 - 1)/10, IF(HEX2DEC(J1185) = 32767, IF($X$2=2, U1186, 32767), IF(OR(AND(H1185="7fff", I1185="7fff", J1185="0",$X$2=2),AND(ABS(T1185)>2, J1185="0",$X$2=2)),U1186,HEX2DEC(J1185)/10 ))) -> 3.3
A1186: 65bca380 | B1186: 0 | C1186: 0 | D1186: 0 | E1186: 0 | F1186: 0 | G1186: 0 | H1186: 2a | I1186: 2a | J1186: 2f | L1186: =IF(AND((((HEX2DEC(A1186)/60)/60)/24)+DATE(1970,1,1) >= DATE(YEAR((((HEX2DEC(A1186)/60)/60)/24)+DATE(1970,1,1)),3,24)+WEEKDAY(DATE(YEAR((((HEX2DEC(A1186)/60)/60)/24)+DATE(1970,1,1)),3,31)-1), (((HEX2DEC(A1186)/60)/60)/24)+DATE(1970,1,1) < DATE(YEAR((((HEX2DEC(A1186)/60)/60)/24)+DATE(1970,1,1)),11,1)+26-WEEKDAY(DATE(YEAR((((HEX2DEC(A1186)/60)/60)/24)+DATE(1970,1,1)),11,1)-1)),(((HEX2DEC(A1186)/60)/60)/24)+DATE(1970,1,1)+2/24,(((HEX2DEC(A1186)/60)/60)/24)+DATE(1970,1,1)+1/24) -> 45324.382 | M1186: =IF('tab4'!$B1186=0,0,IF('tab4'!$B1186=1,1,IF('tab4'!$B1186=4,2,IF('tab4'!$B1186=5,3,IF('tab4'!$B1186=6,4,IF(AND('tab4'!$B1186=80,$X$2=2),0,-1)))))) -> 0 | N1186: =IF('tab4'!$C1186=0,0,IF('tab4'!$C1186=1,1,IF('tab4'!$C1186=4,2,IF('tab4'!$C1186=5,3,IF('tab4'!$C1186=6,4,IF(AND('tab4'!$C1186=80,$X$2=2),0,-1)))))) -> 0 | O1186: =D1186 -> 0 | P1186: =E1186 -> 0 | Q1186: =F1186 -> 0 | R1186: =G1186 -> 0 | S1186: =IF(HEX2DEC(H1186) >= 32768, (HEX2DEC(H1186) - 65535 - 1)/10, IF(HEX2DEC(H1186) = 32767, IF($X$2=2, S1187, 32767), HEX2DEC(H1186)/10 )) -> 4.2 | T1186: =IF(HEX2DEC(I1186) >= 32768, (HEX2DEC(I1186) - 65535 - 1)/10, IF(HEX2DEC(I1186) = 32767, IF($X$2=2, T1187, 32767), HEX2DEC(I1186)/10 )) -> 4.2 | U1186: =IF(HEX2DEC(J1186) >= 32768, (HEX2DEC(J1186) - 65535 - 1)/10, IF(HEX2DEC(J1186) = 32767, IF($X$2=2, U1187, 32767), IF(OR(AND(H1186="7fff", I1186="7fff", J1186="0",$X$2=2),AND(ABS(T1186)>2, J1186="0",$X$2=2)),U1187,HEX2DEC(J1186)/10 ))) -> 4.7
A1187: 65bcba86 | B1187: 0 | C1187: 0 | D1187: 0 | E1187: 0 | F1187: 0 | G1187: 0 | H1187: 49 | I1187: 61 | J1187: 55 | L1187: =IF(AND((((HEX2DEC(A1187)/60)/60)/24)+DATE(1970,1,1) >= DATE(YEAR((((HEX2DEC(A1187)/60)/60)/24)+DATE(1970,1,1)),3,24)+WEEKDAY(DATE(YEAR((((HEX2DEC(A1187)/60)/60)/24)+DATE(1970,1,1)),3,31)-1), (((HEX2DEC(A1187)/60)/60)/24)+DATE(1970,1,1) < DATE(YEAR((((HEX2DEC(A1187)/60)/60)/24)+DATE(1970,1,1)),11,1)+26-WEEKDAY(DATE(YEAR((((HEX2DEC(A1187)/60)/60)/24)+DATE(1970,1,1)),11,1)-1)),(((HEX2DEC(A1187)/60)/60)/24)+DATE(1970,1,1)+2/24,(((HEX2DEC(A1187)/60)/60)/24)+DATE(1970,1,1)+1/24) -> 45324.451 | M1187: =IF('tab4'!$B1187=0,0,IF('tab4'!$B1187=1,1,IF('tab4'!$B1187=4,2,IF('tab4'!$B1187=5,3,IF('tab4'!$B1187=6,4,IF(AND('tab4'!$B1187=80,$X$2=2),0,-1)))))) -> 0 | N1187: =IF('tab4'!$C1187=0,0,IF('tab4'!$C1187=1,1,IF('tab4'!$C1187=4,2,IF('tab4'!$C1187=5,3,IF('tab4'!$C1187=6,4,IF(AND('tab4'!$C1187=80,$X$2=2),0,-1)))))) -> 0 | O1187: =D1187 -> 0 | P1187: =E1187 -> 0 | Q1187: =F1187 -> 0 | R1187: =G1187 -> 0 | S1187: =IF(HEX2DEC(H1187) >= 32768, (HEX2DEC(H1187) - 65535 - 1)/10, IF(HEX2DEC(H1187) = 32767, IF($X$2=2, S1188, 32767), HEX2DEC(H1187)/10 )) -> 7.3 | T1187: =IF(HEX2DEC(I1187) >= 32768, (HEX2DEC(I1187) - 65535 - 1)/10, IF(HEX2DEC(I1187) = 32767, IF($X$2=2, T1188, 32767), HEX2DEC(I1187)/10 )) -> 9.7 | U1187: =IF(HEX2DEC(J1187) >= 32768, (HEX2DEC(J1187) - 65535 - 1)/10, IF(HEX2DEC(J1187) = 32767, IF($X$2=2, U1188, 32767), IF(OR(AND(H1187="7fff", I1187="7fff", J1187="0",$X$2=2),AND(ABS(T1187)>2, J1187="0",$X$2=2)),U1188,HEX2DEC(J1187)/10 ))) -> 8.5
A1188: 65bcd6a6 | B1188: 0 | C1188: 0 | D1188: 0 | E1188: 0 | F1188: 0 | G1188: 0 | H1188: 59 | I1188: 61 | J1188: 48 | L1188: =IF(AND((((HEX2DEC(A1188)/60)/60)/24)+DATE(1970,1,1) >= DATE(YEAR((((HEX2DEC(A1188)/60)/60)/24)+DATE(1970,1,1)),3,24)+WEEKDAY(DATE(YEAR((((HEX2DEC(A1188)/60)/60)/24)+DATE(1970,1,1)),3,31)-1), (((HEX2DEC(A1188)/60)/60)/24)+DATE(1970,1,1) < DATE(YEAR((((HEX2DEC(A1188)/60)/60)/24)+DATE(1970,1,1)),11,1)+26-WEEKDAY(DATE(YEAR((((HEX2DEC(A1188)/60)/60)/24)+DATE(1970,1,1)),11,1)-1)),(((HEX2DEC(A1188)/60)/60)/24)+DATE(1970,1,1)+2/24,(((HEX2DEC(A1188)/60)/60)/24)+DATE(1970,1,1)+1/24) -> 45324.534 | M1188: =IF('tab4'!$B1188=0,0,IF('tab4'!$B1188=1,1,IF('tab4'!$B1188=4,2,IF('tab4'!$B1188=5,3,IF('tab4'!$B1188=6,4,IF(AND('tab4'!$B1188=80,$X$2=2),0,-1)))))) -> 0 | N1188: =IF('tab4'!$C1188=0,0,IF('tab4'!$C1188=1,1,IF('tab4'!$C1188=4,2,IF('tab4'!$C1188=5,3,IF('tab4'!$C1188=6,4,IF(AND('tab4'!$C1188=80,$X$2=2),0,-1)))))) -> 0 | O1188: =D1188 -> 0 | P1188: =E1188 -> 0 | Q1188: =F1188 -> 0 | R1188: =G1188 -> 0 | S1188: =IF(HEX2DEC(H1188) >= 32768, (HEX2DEC(H1188) - 65535 - 1)/10, IF(HEX2DEC(H1188) = 32767, IF($X$2=2, S1189, 32767), HEX2DEC(H1188)/10 )) -> 8.9 | T1188: =IF(HEX2DEC(I1188) >= 32768, (HEX2DEC(I1188) - 65535 - 1)/10, IF(HEX2DEC(I1188) = 32767, IF($X$2=2, T1189, 32767), HEX2DEC(I1188)/10 )) -> 9.7 | U1188: =IF(HEX2DEC(J1188) >= 32768, (HEX2DEC(J1188) - 65535 - 1)/10, IF(HEX2DEC(J1188) = 32767, IF($X$2=2, U1189, 32767), IF(OR(AND(H1188="7fff", I1188="7fff", J1188="0",$X$2=2),AND(ABS(T1188)>2, J1188="0",$X$2=2)),U1189,HEX2DEC(J1188)/10 ))) -> 7.2
A1189: 65bcd72a | B1189: 0 | C1189: 0 | D1189: 0 | E1189: 0 | F1189: 0 | G1189: 0 | H1189: 59 | I1189: 61 | J1189: 48 | L1189: =IF(AND((((HEX2DEC(A1189)/60)/60)/24)+DATE(1970,1,1) >= DATE(YEAR((((HEX2DEC(A1189)/60)/60)/24)+DATE(1970,1,1)),3,24)+WEEKDAY(DATE(YEAR((((HEX2DEC(A1189)/60)/60)/24)+DATE(1970,1,1)),3,31)-1), (((HEX2DEC(A1189)/60)/60)/24)+DATE(1970,1,1) < DATE(YEAR((((HEX2DEC(A1189)/60)/60)/24)+DATE(1970,1,1)),11,1)+26-WEEKDAY(DATE(YEAR((((HEX2DEC(A1189)/60)/60)/24)+DATE(1970,1,1)),11,1)-1)),(((HEX2DEC(A1189)/60)/60)/24)+DATE(1970,1,1)+2/24,(((HEX2DEC(A1189)/60)/60)/24)+DATE(1970,1,1)+1/24) -> 45324.535 | M1189: =IF('tab4'!$B1189=0,0,IF('tab4'!$B1189=1,1,IF('tab4'!$B1189=4,2,IF('tab4'!$B1189=5,3,IF('tab4'!$B1189=6,4,IF(AND('tab4'!$B1189=80,$X$2=2),0,-1)))))) -> 0 | N1189: =IF('tab4'!$C1189=0,0,IF('tab4'!$C1189=1,1,IF('tab4'!$C1189=4,2,IF('tab4'!$C1189=5,3,IF('tab4'!$C1189=6,4,IF(AND('tab4'!$C1189=80,$X$2=2),0,-1)))))) -> 0 | O1189: =D1189 -> 0 | P1189: =E1189 -> 0 | Q1189: =F1189 -> 0 | R1189: =G1189 -> 0 | S1189: =IF(HEX2DEC(H1189) >= 32768, (HEX2DEC(H1189) - 65535 - 1)/10, IF(HEX2DEC(H1189) = 32767, IF($X$2=2, S1190, 32767), HEX2DEC(H1189)/10 )) -> 8.9 | T1189: =IF(HEX2DEC(I1189) >= 32768, (HEX2DEC(I1189) - 65535 - 1)/10, IF(HEX2DEC(I1189) = 32767, IF($X$2=2, T1190, 32767), HEX2DEC(I1189)/10 )) -> 9.7 | U1189: =IF(HEX2DEC(J1189) >= 32768, (HEX2DEC(J1189) - 65535 - 1)/10, IF(HEX2DEC(J1189) = 32767, IF($X$2=2, U1190, 32767), IF(OR(AND(H1189="7fff", I1189="7fff", J1189="0",$X$2=2),AND(ABS(T1189)>2, J1189="0",$X$2=2)),U1190,HEX2DEC(J1189)/10 ))) -> 7.2
A1190: 65bcde60 | B1190: 0 | C1190: 0 | D1190: 0 | E1190: 0 | F1190: 0 | G1190: 0 | H1190: 57 | I1190: 5b | J1190: 47 | L1190: =IF(AND((((HEX2DEC(A1190)/60)/60)/24)+DATE(1970,1,1) >= DATE(YEAR((((HEX2DEC(A1190)/60)/60)/24)+DATE(1970,1,1)),3,24)+WEEKDAY(DATE(YEAR((((HEX2DEC(A1190)/60)/60)/24)+DATE(1970,1,1)),3,31)-1), (((HEX2DEC(A1190)/60)/60)/24)+DATE(1970,1,1) < DATE(YEAR((((HEX2DEC(A1190)/60)/60)/24)+DATE(1970,1,1)),11,1)+26-WEEKDAY(DATE(YEAR((((HEX2DEC(A1190)/60)/60)/24)+DATE(1970,1,1)),11,1)-1)),(((HEX2DEC(A1190)/60)/60)/24)+DATE(1970,1,1)+2/24,(((HEX2DEC(A1190)/60)/60)/24)+DATE(1970,1,1)+1/24) -> 45324.557 | M1190: =IF('tab4'!$B1190=0,0,IF('tab4'!$B1190=1,1,IF('tab4'!$B1190=4,2,IF('tab4'!$B1190=5,3,IF('tab4'!$B1190=6,4,IF(AND('tab4'!$B1190=80,$X$2=2),0,-1)))))) -> 0 | N1190: =IF('tab4'!$C1190=0,0,IF('tab4'!$C1190=1,1,IF('tab4'!$C1190=4,2,IF('tab4'!$C1190=5,3,IF('tab4'!$C1190=6,4,IF(AND('tab4'!$C1190=80,$X$2=2),0,-1)))))) -> 0 | O1190: =D1190 -> 0 | P1190: =E1190 -> 0 | Q1190: =F1190 -> 0 | R1190: =G1190 -> 0 | S1190: =IF(HEX2DEC(H1190) >= 32768, (HEX2DEC(H1190) - 65535 - 1)/10, IF(HEX2DEC(H1190) = 32767, IF($X$2=2, S1191, 32767), HEX2DEC(H1190)/10 )) -> 8.7 | T1190: =IF(HEX2DEC(I1190) >= 32768, (HEX2DEC(I1190) - 65535 - 1)/10, IF(HEX2DEC(I1190) = 32767, IF($X$2=2, T1191, 32767), HEX2DEC(I1190)/10 )) -> 9.1 | U1190: =IF(HEX2DEC(J1190) >= 32768, (HEX2DEC(J1190) - 65535 - 1)/10, IF(HEX2DEC(J1190) = 32767, IF($X$2=2, U1191, 32767), IF(OR(AND(H1190="7fff", I1190="7fff", J1190="0",$X$2=2),AND(ABS(T1190)>2, J1190="0",$X$2=2)),U1191,HEX2DEC(J1190)/10 ))) -> 7.1
A1191: 65bcfa80 | B1191: 0 | C1191: 0 | D1191: 0 | E1191: 0 | F1191: 0 | G1191: 0 | H1191: 42 | I1191: 3f | J1191: 37 | L1191: =IF(AND((((HEX2DEC(A1191)/60)/60)/24)+DATE(1970,1,1) >= DATE(YEAR((((HEX2DEC(A1191)/60)/60)/24)+DATE(1970,1,1)),3,24)+WEEKDAY(DATE(YEAR((((HEX2DEC(A1191)/60)/60)/24)+DATE(1970,1,1)),3,31)-1), (((HEX2DEC(A1191)/60)/60)/24)+DATE(1970,1,1) < DATE(YEAR((((HEX2DEC(A1191)/60)/60)/24)+DATE(1970,1,1)),11,1)+26-WEEKDAY(DATE(YEAR((((HEX2DEC(A1191)/60)/60)/24)+DATE(1970,1,1)),11,1)-1)),(((HEX2DEC(A1191)/60)/60)/24)+DATE(1970,1,1)+2/24,(((HEX2DEC(A1191)/60)/60)/24)+DATE(1970,1,1)+1/24) -> 45324.64 | M1191: =IF('tab4'!$B1191=0,0,IF('tab4'!$B1191=1,1,IF('tab4'!$B1191=4,2,IF('tab4'!$B1191=5,3,IF('tab4'!$B1191=6,4,IF(AND('tab4'!$B1191=80,$X$2=2),0,-1)))))) -> 0 | N1191: =IF('tab4'!$C1191=0,0,IF('tab4'!$C1191=1,1,IF('tab4'!$C1191=4,2,IF('tab4'!$C1191=5,3,IF('tab4'!$C1191=6,4,IF(AND('tab4'!$C1191=80,$X$2=2),0,-1)))))) -> 0 | O1191: =D1191 -> 0 | P1191: =E1191 -> 0 | Q1191: =F1191 -> 0 | R1191: =G1191 -> 0 | S1191: =IF(HEX2DEC(H1191) >= 32768, (HEX2DEC(H1191) - 65535 - 1)/10, IF(HEX2DEC(H1191) = 32767, IF($X$2=2, S1192, 32767), HEX2DEC(H1191)/10 )) -> 6.6 | T1191: =IF(HEX2DEC(I1191) >= 32768, (HEX2DEC(I1191) - 65535 - 1)/10, IF(HEX2DEC(I1191) = 32767, IF($X$2=2, T1192, 32767), HEX2DEC(I1191)/10 )) -> 6.3 | U1191: =IF(HEX2DEC(J1191) >= 32768, (HEX2DEC(J1191) - 65535 - 1)/10, IF(HEX2DEC(J1191) = 32767, IF($X$2=2, U1192, 32767), IF(OR(AND(H1191="7fff", I1191="7fff", J1191="0",$X$2=2),AND(ABS(T1191)>2, J1191="0",$X$2=2)),U1192,HEX2DEC(J1191)/10 ))) -> 5.5
A1192: 65bd16a0 | B1192: 0 | C1192: 0 | D1192: 0 | E1192: 0 | F1192: 0 | G1192: 0 | H1192: 39 | I1192: 37 | J1192: 35 | L1192: =IF(AND((((HEX2DEC(A1192)/60)/60)/24)+DATE(1970,1,1) >= DATE(YEAR((((HEX2DEC(A1192)/60)/60)/24)+DATE(1970,1,1)),3,24)+WEEKDAY(DATE(YEAR((((HEX2DEC(A1192)/60)/60)/24)+DATE(1970,1,1)),3,31)-1), (((HEX2DEC(A1192)/60)/60)/24)+DATE(1970,1,1) < DATE(YEAR((((HEX2DEC(A1192)/60)/60)/24)+DATE(1970,1,1)),11,1)+26-WEEKDAY(DATE(YEAR((((HEX2DEC(A1192)/60)/60)/24)+DATE(1970,1,1)),11,1)-1)),(((HEX2DEC(A1192)/60)/60)/24)+DATE(1970,1,1)+2/24,(((HEX2DEC(A1192)/60)/60)/24)+DATE(1970,1,1)+1/24) -> 45324.724 | M1192: =IF('tab4'!$B1192=0,0,IF('tab4'!$B1192=1,1,IF('tab4'!$B1192=4,2,IF('tab4'!$B1192=5,3,IF('tab4'!$B1192=6,4,IF(AND('tab4'!$B1192=80,$X$2=2),0,-1)))))) -> 0 | N1192: =IF('tab4'!$C1192=0,0,IF('tab4'!$C1192=1,1,IF('tab4'!$C1192=4,2,IF('tab4'!$C1192=5,3,IF('tab4'!$C1192=6,4,IF(AND('tab4'!$C1192=80,$X$2=2),0,-1)))))) -> 0 | O1192: =D1192 -> 0 | P1192: =E1192 -> 0 | Q1192: =F1192 -> 0 | R1192: =G1192 -> 0 | S1192: =IF(HEX2DEC(H1192) >= 32768, (HEX2DEC(H1192) - 65535 - 1)/10, IF(HEX2DEC(H1192) = 32767, IF($X$2=2, S1193, 32767), HEX2DEC(H1192)/10 )) -> 5.7 | T1192: =IF(HEX2DEC(I1192) >= 32768, (HEX2DEC(I1192) - 65535 - 1)/10, IF(HEX2DEC(I1192) = 32767, IF($X$2=2, T1193, 32767), HEX2DEC(I1192)/10 )) -> 5.5 | U1192: =IF(HEX2DEC(J1192) >= 32768, (HEX2DEC(J1192) - 65535 - 1)/10, IF(HEX2DEC(J1192) = 32767, IF($X$2=2, U1193, 32767), IF(OR(AND(H1192="7fff", I1192="7fff", J1192="0",$X$2=2),AND(ABS(T1192)>2, J1192="0",$X$2=2)),U1193,HEX2DEC(J1192)/10 ))) -> 5.3
A1193: 65bd32c1 | B1193: 0 | C1193: 0 | D1193: 0 | E1193: 0 | F1193: 0 | G1193: 0 | H1193: 38 | I1193: 35 | J1193: 37 | L1193: =IF(AND((((HEX2DEC(A1193)/60)/60)/24)+DATE(1970,1,1) >= DATE(YEAR((((HEX2DEC(A1193)/60)/60)/24)+DATE(1970,1,1)),3,24)+WEEKDAY(DATE(YEAR((((HEX2DEC(A1193)/60)/60)/24)+DATE(1970,1,1)),3,31)-1), (((HEX2DEC(A1193)/60)/60)/24)+DATE(1970,1,1) < DATE(YEAR((((HEX2DEC(A1193)/60)/60)/24)+DATE(1970,1,1)),11,1)+26-WEEKDAY(DATE(YEAR((((HEX2DEC(A1193)/60)/60)/24)+DATE(1970,1,1)),11,1)-1)),(((HEX2DEC(A1193)/60)/60)/24)+DATE(1970,1,1)+2/24,(((HEX2DEC(A1193)/60)/60)/24)+DATE(1970,1,1)+1/24) -> 45324.807 | M1193: =IF('tab4'!$B1193=0,0,IF('tab4'!$B1193=1,1,IF('tab4'!$B1193=4,2,IF('tab4'!$B1193=5,3,IF('tab4'!$B1193=6,4,IF(AND('tab4'!$B1193=80,$X$2=2),0,-1)))))) -> 0 | N1193: =IF('tab4'!$C1193=0,0,IF('tab4'!$C1193=1,1,IF('tab4'!$C1193=4,2,IF('tab4'!$C1193=5,3,IF('tab4'!$C1193=6,4,IF(AND('tab4'!$C1193=80,$X$2=2),0,-1)))))) -> 0 | O1193: =D1193 -> 0 | P1193: =E1193 -> 0 | Q1193: =F1193 -> 0 | R1193: =G1193 -> 0 | S1193: =IF(HEX2DEC(H1193) >= 32768, (HEX2DEC(H1193) - 65535 - 1)/10, IF(HEX2DEC(H1193) = 32767, IF($X$2=2, S1194, 32767), HEX2DEC(H1193)/10 )) -> 5.6 | T1193: =IF(HEX2DEC(I1193) >= 32768, (HEX2DEC(I1193) - 65535 - 1)/10, IF(HEX2DEC(I1193) = 32767, IF($X$2=2, T1194, 32767), HEX2DEC(I1193)/10 )) -> 5.3 | U1193: =IF(HEX2DEC(J1193) >= 32768, (HEX2DEC(J1193) - 65535 - 1)/10, IF(HEX2DEC(J1193) = 32767, IF($X$2=2, U1194, 32767), IF(OR(AND(H1193="7fff", I1193="7fff", J1193="0",$X$2=2),AND(ABS(T1193)>2, J1193="0",$X$2=2)),U1194,HEX2DEC(J1193)/10 ))) -> 5.5
A1194: 65bd4ee1 | B1194: 0 | C1194: 0 | D1194: 0 | E1194: 0 | F1194: 0 | G1194: 0 | H1194: 39 | I1194: 37 | J1194: 3c | L1194: =IF(AND((((HEX2DEC(A1194)/60)/60)/24)+DATE(1970,1,1) >= DATE(YEAR((((HEX2DEC(A1194)/60)/60)/24)+DATE(1970,1,1)),3,24)+WEEKDAY(DATE(YEAR((((HEX2DEC(A1194)/60)/60)/24)+DATE(1970,1,1)),3,31)-1), (((HEX2DEC(A1194)/60)/60)/24)+DATE(1970,1,1) < DATE(YEAR((((HEX2DEC(A1194)/60)/60)/24)+DATE(1970,1,1)),11,1)+26-WEEKDAY(DATE(YEAR((((HEX2DEC(A1194)/60)/60)/24)+DATE(1970,1,1)),11,1)-1)),(((HEX2DEC(A1194)/60)/60)/24)+DATE(1970,1,1)+2/24,(((HEX2DEC(A1194)/60)/60)/24)+DATE(1970,1,1)+1/24) -> 45324.89 | M1194: =IF('tab4'!$B1194=0,0,IF('tab4'!$B1194=1,1,IF('tab4'!$B1194=4,2,IF('tab4'!$B1194=5,3,IF('tab4'!$B1194=6,4,IF(AND('tab4'!$B1194=80,$X$2=2),0,-1)))))) -> 0 | N1194: =IF('tab4'!$C1194=0,0,IF('tab4'!$C1194=1,1,IF('tab4'!$C1194=4,2,IF('tab4'!$C1194=5,3,IF('tab4'!$C1194=6,4,IF(AND('tab4'!$C1194=80,$X$2=2),0,-1)))))) -> 0 | O1194: =D1194 -> 0 | P1194: =E1194 -> 0 | Q1194: =F1194 -> 0 | R1194: =G1194 -> 0 | S1194: =IF(HEX2DEC(H1194) >= 32768, (HEX2DEC(H1194) - 65535 - 1)/10, IF(HEX2DEC(H1194) = 32767, IF($X$2=2, S1195, 32767), HEX2DEC(H1194)/10 )) -> 5.7 | T1194: =IF(HEX2DEC(I1194) >= 32768, (HEX2DEC(I1194) - 65535 - 1)/10, IF(HEX2DEC(I1194) = 32767, IF($X$2=2, T1195, 32767), HEX2DEC(I1194)/10 )) -> 5.5 | U1194: =IF(HEX2DEC(J1194) >= 32768, (HEX2DEC(J1194) - 65535 - 1)/10, IF(HEX2DEC(J1194) = 32767, IF($X$2=2, U1195, 32767), IF(OR(AND(H1194="7fff", I1194="7fff", J1194="0",$X$2=2),AND(ABS(T1194)>2, J1194="0",$X$2=2)),U1195,HEX2DEC(J1194)/10 ))) -> 6
A1195: 65bd6b01 | B1195: 0 | C1195: 0 | D1195: 0 | E1195: 0 | F1195: 0 | G1195: 0 | H1195: 46 | I1195: 45 | J1195: 4b | L1195: =IF(AND((((HEX2DEC(A1195)/60)/60)/24)+DATE(1970,1,1) >= DATE(YEAR((((HEX2DEC(A1195)/60)/60)/24)+DATE(1970,1,1)),3,24)+WEEKDAY(DATE(YEAR((((HEX2DEC(A1195)/60)/60)/24)+DATE(1970,1,1)),3,31)-1), (((HEX2DEC(A1195)/60)/60)/24)+DATE(1970,1,1) < DATE(YEAR((((HEX2DEC(A1195)/60)/60)/24)+DATE(1970,1,1)),11,1)+26-WEEKDAY(DATE(YEAR((((HEX2DEC(A1195)/60)/60)/24)+DATE(1970,1,1)),11,1)-1)),(((HEX2DEC(A1195)/60)/60)/24)+DATE(1970,1,1)+2/24,(((HEX2DEC(A1195)/60)/60)/24)+DATE(1970,1,1)+1/24) -> 45324.974 | M1195: =IF('tab4'!$B1195=0,0,IF('tab4'!$B1195=1,1,IF('tab4'!$B1195=4,2,IF('tab4'!$B1195=5,3,IF('tab4'!$B1195=6,4,IF(AND('tab4'!$B1195=80,$X$2=2),0,-1)))))) -> 0 | N1195: =IF('tab4'!$C1195=0,0,IF('tab4'!$C1195=1,1,IF('tab4'!$C1195=4,2,IF('tab4'!$C1195=5,3,IF('tab4'!$C1195=6,4,IF(AND('tab4'!$C1195=80,$X$2=2),0,-1)))))) -> 0 | O1195: =D1195 -> 0 | P1195: =E1195 -> 0 | Q1195: =F1195 -> 0 | R1195: =G1195 -> 0 | S1195: =IF(HEX2DEC(H1195) >= 32768, (HEX2DEC(H1195) - 65535 - 1)/10, IF(HEX2DEC(H1195) = 32767, IF($X$2=2, S1196, 32767), HEX2DEC(H1195)/10 )) -> 7 | T1195: =IF(HEX2DEC(I1195) >= 32768, (HEX2DEC(I1195) - 65535 - 1)/10, IF(HEX2DEC(I1195) = 32767, IF($X$2=2, T1196, 32767), HEX2DEC(I1195)/10 )) -> 6.9 | U1195: =IF(HEX2DEC(J1195) >= 32768, (HEX2DEC(J1195) - 65535 - 1)/10, IF(HEX2DEC(J1195) = 32767, IF($X$2=2, U1196, 32767), IF(OR(AND(H1195="7fff", I1195="7fff", J1195="0",$X$2=2),AND(ABS(T1195)>2, J1195="0",$X$2=2)),U1196,HEX2DEC(J1195)/10 ))) -> 7.5
A1196: 65bd8722 | B1196: 0 | C1196: 0 | D1196: 0 | E1196: 0 | F1196: 0 | G1196: 0 | H1196: 4b | I1196: 49 | J1196: 4c | L1196: =IF(AND((((HEX2DEC(A1196)/60)/60)/24)+DATE(1970,1,1) >= DATE(YEAR((((HEX2DEC(A1196)/60)/60)/24)+DATE(1970,1,1)),3,24)+WEEKDAY(DATE(YEAR((((HEX2DEC(A1196)/60)/60)/24)+DATE(1970,1,1)),3,31)-1), (((HEX2DEC(A1196)/60)/60)/24)+DATE(1970,1,1) < DATE(YEAR((((HEX2DEC(A1196)/60)/60)/24)+DATE(1970,1,1)),11,1)+26-WEEKDAY(DATE(YEAR((((HEX2DEC(A1196)/60)/60)/24)+DATE(1970,1,1)),11,1)-1)),(((HEX2DEC(A1196)/60)/60)/24)+DATE(1970,1,1)+2/24,(((HEX2DEC(A1196)/60)/60)/24)+DATE(1970,1,1)+1/24) -> 45325.057 | M1196: =IF('tab4'!$B1196=0,0,IF('tab4'!$B1196=1,1,IF('tab4'!$B1196=4,2,IF('tab4'!$B1196=5,3,IF('tab4'!$B1196=6,4,IF(AND('tab4'!$B1196=80,$X$2=2),0,-1)))))) -> 0 | N1196: =IF('tab4'!$C1196=0,0,IF('tab4'!$C1196=1,1,IF('tab4'!$C1196=4,2,IF('tab4'!$C1196=5,3,IF('tab4'!$C1196=6,4,IF(AND('tab4'!$C1196=80,$X$2=2),0,-1)))))) -> 0 | O1196: =D1196 -> 0 | P1196: =E1196 -> 0 | Q1196: =F1196 -> 0 | R1196: =G1196 -> 0 | S1196: =IF(HEX2DEC(H1196) >= 32768, (HEX2DEC(H1196) - 65535 - 1)/10, IF(HEX2DEC(H1196) = 32767, IF($X$2=2, S1197, 32767), HEX2DEC(H1196)/10 )) -> 7.5 | T1196: =IF(HEX2DEC(I1196) >= 32768, (HEX2DEC(I1196) - 65535 - 1)/10, IF(HEX2DEC(I1196) = 32767, IF($X$2=2, T1197, 32767), HEX2DEC(I1196)/10 )) -> 7.3 | U1196: =IF(HEX2DEC(J1196) >= 32768, (HEX2DEC(J1196) - 65535 - 1)/10, IF(HEX2DEC(J1196) = 32767, IF($X$2=2, U1197, 32767), IF(OR(AND(H1196="7fff", I1196="7fff", J1196="0",$X$2=2),AND(ABS(T1196)>2, J1196="0",$X$2=2)),U1197,HEX2DEC(J1196)/10 ))) -> 7.6
A1197: 65bda342 | B1197: 0 | C1197: 0 | D1197: 0 | E1197: 0 | F1197: 0 | G1197: 0 | H1197: 4c | I1197: 4a | J1197: 4e | L1197: =IF(AND((((HEX2DEC(A1197)/60)/60)/24)+DATE(1970,1,1) >= DATE(YEAR((((HEX2DEC(A1197)/60)/60)/24)+DATE(1970,1,1)),3,24)+WEEKDAY(DATE(YEAR((((HEX2DEC(A1197)/60)/60)/24)+DATE(1970,1,1)),3,31)-1), (((HEX2DEC(A1197)/60)/60)/24)+DATE(1970,1,1) < DATE(YEAR((((HEX2DEC(A1197)/60)/60)/24)+DATE(1970,1,1)),11,1)+26-WEEKDAY(DATE(YEAR((((HEX2DEC(A1197)/60)/60)/24)+DATE(1970,1,1)),11,1)-1)),(((HEX2DEC(A1197)/60)/60)/24)+DATE(1970,1,1)+2/24,(((HEX2DEC(A1197)/60)/60)/24)+DATE(1970,1,1)+1/24) -> 45325.14 | M1197: =IF('tab4'!$B1197=0,0,IF('tab4'!$B1197=1,1,IF('tab4'!$B1197=4,2,IF('tab4'!$B1197=5,3,IF('tab4'!$B1197=6,4,IF(AND('tab4'!$B1197=80,$X$2=2),0,-1)))))) -> 0 | N1197: =IF('tab4'!$C1197=0,0,IF('tab4'!$C1197=1,1,IF('tab4'!$C1197=4,2,IF('tab4'!$C1197=5,3,IF('tab4'!$C1197=6,4,IF(AND('tab4'!$C1197=80,$X$2=2),0,-1)))))) -> 0 | O1197: =D1197 -> 0 | P1197: =E1197 -> 0 | Q1197: =F1197 -> 0 | R1197: =G1197 -> 0 | S1197: =IF(HEX2DEC(H1197) >= 32768, (HEX2DEC(H1197) - 65535 - 1)/10, IF(HEX2DEC(H1197) = 32767, IF($X$2=2, S1198, 32767), HEX2DEC(H1197)/10 )) -> 7.6 | T1197: =IF(HEX2DEC(I1197) >= 32768, (HEX2DEC(I1197) - 65535 - 1)/10, IF(HEX2DEC(I1197) = 32767, IF($X$2=2, T1198, 32767), HEX2DEC(I1197)/10 )) -> 7.4 | U1197: =IF(HEX2DEC(J1197) >= 32768, (HEX2DEC(J1197) - 65535 - 1)/10, IF(HEX2DEC(J1197) = 32767, IF($X$2=2, U1198, 32767), IF(OR(AND(H1197="7fff", I1197="7fff", J1197="0",$X$2=2),AND(ABS(T1197)>2, J1197="0",$X$2=2)),U1198,HEX2DEC(J1197)/10 ))) -> 7.8
A1198: 65bdbf62 | B1198: 0 | C1198: 0 | D1198: 0 | E1198: 0 | F1198: 0 | G1198: 0 | H1198: 4a | I1198: 47 | J1198: 4b | L1198: =IF(AND((((HEX2DEC(A1198)/60)/60)/24)+DATE(1970,1,1) >= DATE(YEAR((((HEX2DEC(A1198)/60)/60)/24)+DATE(1970,1,1)),3,24)+WEEKDAY(DATE(YEAR((((HEX2DEC(A1198)/60)/60)/24)+DATE(1970,1,1)),3,31)-1), (((HEX2DEC(A1198)/60)/60)/24)+DATE(1970,1,1) < DATE(YEAR((((HEX2DEC(A1198)/60)/60)/24)+DATE(1970,1,1)),11,1)+26-WEEKDAY(DATE(YEAR((((HEX2DEC(A1198)/60)/60)/24)+DATE(1970,1,1)),11,1)-1)),(((HEX2DEC(A1198)/60)/60)/24)+DATE(1970,1,1)+2/24,(((HEX2DEC(A1198)/60)/60)/24)+DATE(1970,1,1)+1/24) -> 45325.224 | M1198: =IF('tab4'!$B1198=0,0,IF('tab4'!$B1198=1,1,IF('tab4'!$B1198=4,2,IF('tab4'!$B1198=5,3,IF('tab4'!$B1198=6,4,IF(AND('tab4'!$B1198=80,$X$2=2),0,-1)))))) -> 0 | N1198: =IF('tab4'!$C1198=0,0,IF('tab4'!$C1198=1,1,IF('tab4'!$C1198=4,2,IF('tab4'!$C1198=5,3,IF('tab4'!$C1198=6,4,IF(AND('tab4'!$C1198=80,$X$2=2),0,-1)))))) -> 0 | O1198: =D1198 -> 0 | P1198: =E1198 -> 0 | Q1198: =F1198 -> 0 | R1198: =G1198 -> 0 | S1198: =IF(HEX2DEC(H1198) >= 32768, (HEX2DEC(H1198) - 65535 - 1)/10, IF(HEX2DEC(H1198) = 32767, IF($X$2=2, S1199, 32767), HEX2DEC(H1198)/10 )) -> 7.4 | T1198: =IF(HEX2DEC(I1198) >= 32768, (HEX2DEC(I1198) - 65535 - 1)/10, IF(HEX2DEC(I1198) = 32767, IF($X$2=2, T1199, 32767), HEX2DEC(I1198)/10 )) -> 7.1 | U1198: =IF(HEX2DEC(J1198) >= 32768, (HEX2DEC(J1198) - 65535 - 1)/10, IF(HEX2DEC(J1198) = 32767, IF($X$2=2, U1199, 32767), IF(OR(AND(H1198="7fff", I1198="7fff", J1198="0",$X$2=2),AND(ABS(T1198)>2, J1198="0",$X$2=2)),U1199,HEX2DEC(J1198)/10 ))) -> 7.5
A1199: 65bddb83 | B1199: 0 | C1199: 0 | D1199: 0 | E1199: 0 | F1199: 0 | G1199: 0 | H1199: 50 | I1199: 4f | J1199: 56 | L1199: =IF(AND((((HEX2DEC(A1199)/60)/60)/24)+DATE(1970,1,1) >= DATE(YEAR((((HEX2DEC(A1199)/60)/60)/24)+DATE(1970,1,1)),3,24)+WEEKDAY(DATE(YEAR((((HEX2DEC(A1199)/60)/60)/24)+DATE(1970,1,1)),3,31)-1), (((HEX2DEC(A1199)/60)/60)/24)+DATE(1970,1,1) < DATE(YEAR((((HEX2DEC(A1199)/60)/60)/24)+DATE(1970,1,1)),11,1)+26-WEEKDAY(DATE(YEAR((((HEX2DEC(A1199)/60)/60)/24)+DATE(1970,1,1)),11,1)-1)),(((HEX2DEC(A1199)/60)/60)/24)+DATE(1970,1,1)+2/24,(((HEX2DEC(A1199)/60)/60)/24)+DATE(1970,1,1)+1/24) -> 45325.307 | M1199: =IF('tab4'!$B1199=0,0,IF('tab4'!$B1199=1,1,IF('tab4'!$B1199=4,2,IF('tab4'!$B1199=5,3,IF('tab4'!$B1199=6,4,IF(AND('tab4'!$B1199=80,$X$2=2),0,-1)))))) -> 0 | N1199: =IF('tab4'!$C1199=0,0,IF('tab4'!$C1199=1,1,IF('tab4'!$C1199=4,2,IF('tab4'!$C1199=5,3,IF('tab4'!$C1199=6,4,IF(AND('tab4'!$C1199=80,$X$2=2),0,-1)))))) -> 0 | O1199: =D1199 -> 0 | P1199: =E1199 -> 0 | Q1199: =F1199 -> 0 | R1199: =G1199 -> 0 | S1199: =IF(HEX2DEC(H1199) >= 32768, (HEX2DEC(H1199) - 65535 - 1)/10, IF(HEX2DEC(H1199) = 32767, IF($X$2=2, S1200, 32767), HEX2DEC(H1199)/10 )) -> 8 | T1199: =IF(HEX2DEC(I1199) >= 32768, (HEX2DEC(I1199) - 65535 - 1)/10, IF(HEX2DEC(I1199) = 32767, IF($X$2=2, T1200, 32767), HEX2DEC(I1199)/10 )) -> 7.9 | U1199: =IF(HEX2DEC(J1199) >= 32768, (HEX2DEC(J1199) - 65535 - 1)/10, IF(HEX2DEC(J1199) = 32767, IF($X$2=2, U1200, 32767), IF(OR(AND(H1199="7fff", I1199="7fff", J1199="0",$X$2=2),AND(ABS(T1199)>2, J1199="0",$X$2=2)),U1200,HEX2DEC(J1199)/10 ))) -> 8.6
A1200: 65bdf7a3 | B1200: 0 | C1200: 0 | D1200: 0 | E1200: 0 | F1200: 0 | G1200: 0 | H1200: 58 | I1200: 58 | J1200: 5c | L1200: =IF(AND((((HEX2DEC(A1200)/60)/60)/24)+DATE(1970,1,1) >= DATE(YEAR((((HEX2DEC(A1200)/60)/60)/24)+DATE(1970,1,1)),3,24)+WEEKDAY(DATE(YEAR((((HEX2DEC(A1200)/60)/60)/24)+DATE(1970,1,1)),3,31)-1), (((HEX2DEC(A1200)/60)/60)/24)+DATE(1970,1,1) < DATE(YEAR((((HEX2DEC(A1200)/60)/60)/24)+DATE(1970,1,1)),11,1)+26-WEEKDAY(DATE(YEAR((((HEX2DEC(A1200)/60)/60)/24)+DATE(1970,1,1)),11,1)-1)),(((HEX2DEC(A1200)/60)/60)/24)+DATE(1970,1,1)+2/24,(((HEX2DEC(A1200)/60)/60)/24)+DATE(1970,1,1)+1/24) -> 45325.39 | M1200: =IF('tab4'!$B1200=0,0,IF('tab4'!$B1200=1,1,IF('tab4'!$B1200=4,2,IF('tab4'!$B1200=5,3,IF('tab4'!$B1200=6,4,IF(AND('tab4'!$B1200=80,$X$2=2),0,-1)))))) -> 0 | N1200: =IF('tab4'!$C1200=0,0,IF('tab4'!$C1200=1,1,IF('tab4'!$C1200=4,2,IF('tab4'!$C1200=5,3,IF('tab4'!$C1200=6,4,IF(AND('tab4'!$C1200=80,$X$2=2),0,-1)))))) -> 0 | O1200: =D1200 -> 0 | P1200: =E1200 -> 0 | Q1200: =F1200 -> 0 | R1200: =G1200 -> 0 | S1200: =IF(HEX2DEC(H1200) >= 32768, (HEX2DEC(H1200) - 65535 - 1)/10, IF(HEX2DEC(H1200) = 32767, IF($X$2=2, S1201, 32767), HEX2DEC(H1200)/10 )) -> 8.8 | T1200: =IF(HEX2DEC(I1200) >= 32768, (HEX2DEC(I1200) - 65535 - 1)/10, IF(HEX2DEC(I1200) = 32767, IF($X$2=2, T1201, 32767), HEX2DEC(I1200)/10 )) -> 8.8 | U1200: =IF(HEX2DEC(J1200) >= 32768, (HEX2DEC(J1200) - 65535 - 1)/10, IF(HEX2DEC(J1200) = 32767, IF($X$2=2, U1201, 32767), IF(OR(AND(H1200="7fff", I1200="7fff", J1200="0",$X$2=2),AND(ABS(T1200)>2, J1200="0",$X$2=2)),U1201,HEX2DEC(J1200)/10 ))) -> 9.2
A1201: 65be13c4 | B1201: 0 | C1201: 0 | D1201: 0 | E1201: 0 | F1201: 0 | G1201: 0 | H1201: 60 | I1201: 60 | J1201: 5f | L1201: =IF(AND((((HEX2DEC(A1201)/60)/60)/24)+DATE(1970,1,1) >= DATE(YEAR((((HEX2DEC(A1201)/60)/60)/24)+DATE(1970,1,1)),3,24)+WEEKDAY(DATE(YEAR((((HEX2DEC(A1201)/60)/60)/24)+DATE(1970,1,1)),3,31)-1), (((HEX2DEC(A1201)/60)/60)/24)+DATE(1970,1,1) < DATE(YEAR((((HEX2DEC(A1201)/60)/60)/24)+DATE(1970,1,1)),11,1)+26-WEEKDAY(DATE(YEAR((((HEX2DEC(A1201)/60)/60)/24)+DATE(1970,1,1)),11,1)-1)),(((HEX2DEC(A1201)/60)/60)/24)+DATE(1970,1,1)+2/24,(((HEX2DEC(A1201)/60)/60)/24)+DATE(1970,1,1)+1/24) -> 45325.474 | M1201: =IF('tab4'!$B1201=0,0,IF('tab4'!$B1201=1,1,IF('tab4'!$B1201=4,2,IF('tab4'!$B1201=5,3,IF('tab4'!$B1201=6,4,IF(AND('tab4'!$B1201=80,$X$2=2),0,-1)))))) -> 0 | N1201: =IF('tab4'!$C1201=0,0,IF('tab4'!$C1201=1,1,IF('tab4'!$C1201=4,2,IF('tab4'!$C1201=5,3,IF('tab4'!$C1201=6,4,IF(AND('tab4'!$C1201=80,$X$2=2),0,-1)))))) -> 0 | O1201: =D1201 -> 0 | P1201: =E1201 -> 0 | Q1201: =F1201 -> 0 | R1201: =G1201 -> 0 | S1201: =IF(HEX2DEC(H1201) >= 32768, (HEX2DEC(H1201) - 65535 - 1)/10, IF(HEX2DEC(H1201) = 32767, IF($X$2=2, S1202, 32767), HEX2DEC(H1201)/10 )) -> 9.6 | T1201: =IF(HEX2DEC(I1201) >= 32768, (HEX2DEC(I1201) - 65535 - 1)/10, IF(HEX2DEC(I1201) = 32767, IF($X$2=2, T1202, 32767), HEX2DEC(I1201)/10 )) -> 9.6 | U1201: =IF(HEX2DEC(J1201) >= 32768, (HEX2DEC(J1201) - 65535 - 1)/10, IF(HEX2DEC(J1201) = 32767, IF($X$2=2, U1202, 32767), IF(OR(AND(H1201="7fff", I1201="7fff", J1201="0",$X$2=2),AND(ABS(T1201)>2, J1201="0",$X$2=2)),U1202,HEX2DEC(J1201)/10 ))) -> 9.5
A1202: 65be2fe5 | B1202: 0 | C1202: 0 | D1202: 0 | E1202: 0 | F1202: 0 | G1202: 0 | H1202: 6c | I1202: 6f | J1202: 66 | L1202: =IF(AND((((HEX2DEC(A1202)/60)/60)/24)+DATE(1970,1,1) >= DATE(YEAR((((HEX2DEC(A1202)/60)/60)/24)+DATE(1970,1,1)),3,24)+WEEKDAY(DATE(YEAR((((HEX2DEC(A1202)/60)/60)/24)+DATE(1970,1,1)),3,31)-1), (((HEX2DEC(A1202)/60)/60)/24)+DATE(1970,1,1) < DATE(YEAR((((HEX2DEC(A1202)/60)/60)/24)+DATE(1970,1,1)),11,1)+26-WEEKDAY(DATE(YEAR((((HEX2DEC(A1202)/60)/60)/24)+DATE(1970,1,1)),11,1)-1)),(((HEX2DEC(A1202)/60)/60)/24)+DATE(1970,1,1)+2/24,(((HEX2DEC(A1202)/60)/60)/24)+DATE(1970,1,1)+1/24) -> 45325.557 | M1202: =IF('tab4'!$B1202=0,0,IF('tab4'!$B1202=1,1,IF('tab4'!$B1202=4,2,IF('tab4'!$B1202=5,3,IF('tab4'!$B1202=6,4,IF(AND('tab4'!$B1202=80,$X$2=2),0,-1)))))) -> 0 | N1202: =IF('tab4'!$C1202=0,0,IF('tab4'!$C1202=1,1,IF('tab4'!$C1202=4,2,IF('tab4'!$C1202=5,3,IF('tab4'!$C1202=6,4,IF(AND('tab4'!$C1202=80,$X$2=2),0,-1)))))) -> 0 | O1202: =D1202 -> 0 | P1202: =E1202 -> 0 | Q1202: =F1202 -> 0 | R1202: =G1202 -> 0 | S1202: =IF(HEX2DEC(H1202) >= 32768, (HEX2DEC(H1202) - 65535 - 1)/10, IF(HEX2DEC(H1202) = 32767, IF($X$2=2, S1203, 32767), HEX2DEC(H1202)/10 )) -> 10.8 | T1202: =IF(HEX2DEC(I1202) >= 32768, (HEX2DEC(I1202) - 65535 - 1)/10, IF(HEX2DEC(I1202) = 32767, IF($X$2=2, T1203, 32767), HEX2DEC(I1202)/10 )) -> 11.1 | U1202: =IF(HEX2DEC(J1202) >= 32768, (HEX2DEC(J1202) - 65535 - 1)/10, IF(HEX2DEC(J1202) = 32767, IF($X$2=2, U1203, 32767), IF(OR(AND(H1202="7fff", I1202="7fff", J1202="0",$X$2=2),AND(ABS(T1202)>2, J1202="0",$X$2=2)),U1203,HEX2DEC(J1202)/10 ))) -> 10.2
A1203: 65be4c05 | B1203: 0 | C1203: 0 | D1203: 0 | E1203: 0 | F1203: 0 | G1203: 0 | H1203: 70 | I1203: 74 | J1203: 68 | L1203: =IF(AND((((HEX2DEC(A1203)/60)/60)/24)+DATE(1970,1,1) >= DATE(YEAR((((HEX2DEC(A1203)/60)/60)/24)+DATE(1970,1,1)),3,24)+WEEKDAY(DATE(YEAR((((HEX2DEC(A1203)/60)/60)/24)+DATE(1970,1,1)),3,31)-1), (((HEX2DEC(A1203)/60)/60)/24)+DATE(1970,1,1) < DATE(YEAR((((HEX2DEC(A1203)/60)/60)/24)+DATE(1970,1,1)),11,1)+26-WEEKDAY(DATE(YEAR((((HEX2DEC(A1203)/60)/60)/24)+DATE(1970,1,1)),11,1)-1)),(((HEX2DEC(A1203)/60)/60)/24)+DATE(1970,1,1)+2/24,(((HEX2DEC(A1203)/60)/60)/24)+DATE(1970,1,1)+1/24) -> 45325.64 | M1203: =IF('tab4'!$B1203=0,0,IF('tab4'!$B1203=1,1,IF('tab4'!$B1203=4,2,IF('tab4'!$B1203=5,3,IF('tab4'!$B1203=6,4,IF(AND('tab4'!$B1203=80,$X$2=2),0,-1)))))) -> 0 | N1203: =IF('tab4'!$C1203=0,0,IF('tab4'!$C1203=1,1,IF('tab4'!$C1203=4,2,IF('tab4'!$C1203=5,3,IF('tab4'!$C1203=6,4,IF(AND('tab4'!$C1203=80,$X$2=2),0,-1)))))) -> 0 | O1203: =D1203 -> 0 | P1203: =E1203 -> 0 | Q1203: =F1203 -> 0 | R1203: =G1203 -> 0 | S1203: =IF(HEX2DEC(H1203) >= 32768, (HEX2DEC(H1203) - 65535 - 1)/10, IF(HEX2DEC(H1203) = 32767, IF($X$2=2, S1204, 32767), HEX2DEC(H1203)/10 )) -> 11.2 | T1203: =IF(HEX2DEC(I1203) >= 32768, (HEX2DEC(I1203) - 65535 - 1)/10, IF(HEX2DEC(I1203) = 32767, IF($X$2=2, T1204, 32767), HEX2DEC(I1203)/10 )) -> 11.6 | U1203: =IF(HEX2DEC(J1203) >= 32768, (HEX2DEC(J1203) - 65535 - 1)/10, IF(HEX2DEC(J1203) = 32767, IF($X$2=2, U1204, 32767), IF(OR(AND(H1203="7fff", I1203="7fff", J1203="0",$X$2=2),AND(ABS(T1203)>2, J1203="0",$X$2=2)),U1204,HEX2DEC(J1203)/10 ))) -> 10.4
A1204: 65be6825 | B1204: 0 | C1204: 0 | D1204: 0 | E1204: 0 | F1204: 0 | G1204: 0 | H1204: 60 | I1204: 5e | J1204: 5e | L1204: =IF(AND((((HEX2DEC(A1204)/60)/60)/24)+DATE(1970,1,1) >= DATE(YEAR((((HEX2DEC(A1204)/60)/60)/24)+DATE(1970,1,1)),3,24)+WEEKDAY(DATE(YEAR((((HEX2DEC(A1204)/60)/60)/24)+DATE(1970,1,1)),3,31)-1), (((HEX2DEC(A1204)/60)/60)/24)+DATE(1970,1,1) < DATE(YEAR((((HEX2DEC(A1204)/60)/60)/24)+DATE(1970,1,1)),11,1)+26-WEEKDAY(DATE(YEAR((((HEX2DEC(A1204)/60)/60)/24)+DATE(1970,1,1)),11,1)-1)),(((HEX2DEC(A1204)/60)/60)/24)+DATE(1970,1,1)+2/24,(((HEX2DEC(A1204)/60)/60)/24)+DATE(1970,1,1)+1/24) -> 45325.724 | M1204: =IF('tab4'!$B1204=0,0,IF('tab4'!$B1204=1,1,IF('tab4'!$B1204=4,2,IF('tab4'!$B1204=5,3,IF('tab4'!$B1204=6,4,IF(AND('tab4'!$B1204=80,$X$2=2),0,-1)))))) -> 0 | N1204: =IF('tab4'!$C1204=0,0,IF('tab4'!$C1204=1,1,IF('tab4'!$C1204=4,2,IF('tab4'!$C1204=5,3,IF('tab4'!$C1204=6,4,IF(AND('tab4'!$C1204=80,$X$2=2),0,-1)))))) -> 0 | O1204: =D1204 -> 0 | P1204: =E1204 -> 0 | Q1204: =F1204 -> 0 | R1204: =G1204 -> 0 | S1204: =IF(HEX2DEC(H1204) >= 32768, (HEX2DEC(H1204) - 65535 - 1)/10, IF(HEX2DEC(H1204) = 32767, IF($X$2=2, S1205, 32767), HEX2DEC(H1204)/10 )) -> 9.6 | T1204: =IF(HEX2DEC(I1204) >= 32768, (HEX2DEC(I1204) - 65535 - 1)/10, IF(HEX2DEC(I1204) = 32767, IF($X$2=2, T1205, 32767), HEX2DEC(I1204)/10 )) -> 9.4 | U1204: =IF(HEX2DEC(J1204) >= 32768, (HEX2DEC(J1204) - 65535 - 1)/10, IF(HEX2DEC(J1204) = 32767, IF($X$2=2, U1205, 32767), IF(OR(AND(H1204="7fff", I1204="7fff", J1204="0",$X$2=2),AND(ABS(T1204)>2, J1204="0",$X$2=2)),U1205,HEX2DEC(J1204)/10 ))) -> 9.4
A1205: 65be8445 | B1205: 0 | C1205: 0 | D1205: 0 | E1205: 0 | F1205: 0 | G1205: 0 | H1205: 5c | I1205: 5a | J1205: 5d | L1205: =IF(AND((((HEX2DEC(A1205)/60)/60)/24)+DATE(1970,1,1) >= DATE(YEAR((((HEX2DEC(A1205)/60)/60)/24)+DATE(1970,1,1)),3,24)+WEEKDAY(DATE(YEAR((((HEX2DEC(A1205)/60)/60)/24)+DATE(1970,1,1)),3,31)-1), (((HEX2DEC(A1205)/60)/60)/24)+DATE(1970,1,1) < DATE(YEAR((((HEX2DEC(A1205)/60)/60)/24)+DATE(1970,1,1)),11,1)+26-WEEKDAY(DATE(YEAR((((HEX2DEC(A1205)/60)/60)/24)+DATE(1970,1,1)),11,1)-1)),(((HEX2DEC(A1205)/60)/60)/24)+DATE(1970,1,1)+2/24,(((HEX2DEC(A1205)/60)/60)/24)+DATE(1970,1,1)+1/24) -> 45325.807 | M1205: =IF('tab4'!$B1205=0,0,IF('tab4'!$B1205=1,1,IF('tab4'!$B1205=4,2,IF('tab4'!$B1205=5,3,IF('tab4'!$B1205=6,4,IF(AND('tab4'!$B1205=80,$X$2=2),0,-1)))))) -> 0 | N1205: =IF('tab4'!$C1205=0,0,IF('tab4'!$C1205=1,1,IF('tab4'!$C1205=4,2,IF('tab4'!$C1205=5,3,IF('tab4'!$C1205=6,4,IF(AND('tab4'!$C1205=80,$X$2=2),0,-1)))))) -> 0 | O1205: =D1205 -> 0 | P1205: =E1205 -> 0 | Q1205: =F1205 -> 0 | R1205: =G1205 -> 0 | S1205: =IF(HEX2DEC(H1205) >= 32768, (HEX2DEC(H1205) - 65535 - 1)/10, IF(HEX2DEC(H1205) = 32767, IF($X$2=2, S1206, 32767), HEX2DEC(H1205)/10 )) -> 9.2 | T1205: =IF(HEX2DEC(I1205) >= 32768, (HEX2DEC(I1205) - 65535 - 1)/10, IF(HEX2DEC(I1205) = 32767, IF($X$2=2, T1206, 32767), HEX2DEC(I1205)/10 )) -> 9 | U1205: =IF(HEX2DEC(J1205) >= 32768, (HEX2DEC(J1205) - 65535 - 1)/10, IF(HEX2DEC(J1205) = 32767, IF($X$2=2, U1206, 32767), IF(OR(AND(H1205="7fff", I1205="7fff", J1205="0",$X$2=2),AND(ABS(T1205)>2, J1205="0",$X$2=2)),U1206,HEX2DEC(J1205)/10 ))) -> 9.3
A1206: 65bea066 | B1206: 0 | C1206: 0 | D1206: 0 | E1206: 0 | F1206: 0 | G1206: 0 | H1206: 54 | I1206: 50 | J1206: 54 | L1206: =IF(AND((((HEX2DEC(A1206)/60)/60)/24)+DATE(1970,1,1) >= DATE(YEAR((((HEX2DEC(A1206)/60)/60)/24)+DATE(1970,1,1)),3,24)+WEEKDAY(DATE(YEAR((((HEX2DEC(A1206)/60)/60)/24)+DATE(1970,1,1)),3,31)-1), (((HEX2DEC(A1206)/60)/60)/24)+DATE(1970,1,1) < DATE(YEAR((((HEX2DEC(A1206)/60)/60)/24)+DATE(1970,1,1)),11,1)+26-WEEKDAY(DATE(YEAR((((HEX2DEC(A1206)/60)/60)/24)+DATE(1970,1,1)),11,1)-1)),(((HEX2DEC(A1206)/60)/60)/24)+DATE(1970,1,1)+2/24,(((HEX2DEC(A1206)/60)/60)/24)+DATE(1970,1,1)+1/24) -> 45325.89 | M1206: =IF('tab4'!$B1206=0,0,IF('tab4'!$B1206=1,1,IF('tab4'!$B1206=4,2,IF('tab4'!$B1206=5,3,IF('tab4'!$B1206=6,4,IF(AND('tab4'!$B1206=80,$X$2=2),0,-1)))))) -> 0 | N1206: =IF('tab4'!$C1206=0,0,IF('tab4'!$C1206=1,1,IF('tab4'!$C1206=4,2,IF('tab4'!$C1206=5,3,IF('tab4'!$C1206=6,4,IF(AND('tab4'!$C1206=80,$X$2=2),0,-1)))))) -> 0 | O1206: =D1206 -> 0 | P1206: =E1206 -> 0 | Q1206: =F1206 -> 0 | R1206: =G1206 -> 0 | S1206: =IF(HEX2DEC(H1206) >= 32768, (HEX2DEC(H1206) - 65535 - 1)/10, IF(HEX2DEC(H1206) = 32767, IF($X$2=2, S1207, 32767), HEX2DEC(H1206)/10 )) -> 8.4 | T1206: =IF(HEX2DEC(I1206) >= 32768, (HEX2DEC(I1206) - 65535 - 1)/10, IF(HEX2DEC(I1206) = 32767, IF($X$2=2, T1207, 32767), HEX2DEC(I1206)/10 )) -> 8 | U1206: =IF(HEX2DEC(J1206) >= 32768, (HEX2DEC(J1206) - 65535 - 1)/10, IF(HEX2DEC(J1206) = 32767, IF($X$2=2, U1207, 32767), IF(OR(AND(H1206="7fff", I1206="7fff", J1206="0",$X$2=2),AND(ABS(T1206)>2, J1206="0",$X$2=2)),U1207,HEX2DEC(J1206)/10 ))) -> 8.4
A1207: 65bebc86 | B1207: 0 | C1207: 0 | D1207: 0 | E1207: 0 | F1207: 0 | G1207: 0 | H1207: 51 | I1207: 4f | J1207: 50 | L1207: =IF(AND((((HEX2DEC(A1207)/60)/60)/24)+DATE(1970,1,1) >= DATE(YEAR((((HEX2DEC(A1207)/60)/60)/24)+DATE(1970,1,1)),3,24)+WEEKDAY(DATE(YEAR((((HEX2DEC(A1207)/60)/60)/24)+DATE(1970,1,1)),3,31)-1), (((HEX2DEC(A1207)/60)/60)/24)+DATE(1970,1,1) < DATE(YEAR((((HEX2DEC(A1207)/60)/60)/24)+DATE(1970,1,1)),11,1)+26-WEEKDAY(DATE(YEAR((((HEX2DEC(A1207)/60)/60)/24)+DATE(1970,1,1)),11,1)-1)),(((HEX2DEC(A1207)/60)/60)/24)+DATE(1970,1,1)+2/24,(((HEX2DEC(A1207)/60)/60)/24)+DATE(1970,1,1)+1/24) -> 45325.974 | M1207: =IF('tab4'!$B1207=0,0,IF('tab4'!$B1207=1,1,IF('tab4'!$B1207=4,2,IF('tab4'!$B1207=5,3,IF('tab4'!$B1207=6,4,IF(AND('tab4'!$B1207=80,$X$2=2),0,-1)))))) -> 0 | N1207: =IF('tab4'!$C1207=0,0,IF('tab4'!$C1207=1,1,IF('tab4'!$C1207=4,2,IF('tab4'!$C1207=5,3,IF('tab4'!$C1207=6,4,IF(AND('tab4'!$C1207=80,$X$2=2),0,-1)))))) -> 0 | O1207: =D1207 -> 0 | P1207: =E1207 -> 0 | Q1207: =F1207 -> 0 | R1207: =G1207 -> 0 | S1207: =IF(HEX2DEC(H1207) >= 32768, (HEX2DEC(H1207) - 65535 - 1)/10, IF(HEX2DEC(H1207) = 32767, IF($X$2=2, S1208, 32767), HEX2DEC(H1207)/10 )) -> 8.1 | T1207: =IF(HEX2DEC(I1207) >= 32768, (HEX2DEC(I1207) - 65535 - 1)/10, IF(HEX2DEC(I1207) = 32767, IF($X$2=2, T1208, 32767), HEX2DEC(I1207)/10 )) -> 7.9 | U1207: =IF(HEX2DEC(J1207) >= 32768, (HEX2DEC(J1207) - 65535 - 1)/10, IF(HEX2DEC(J1207) = 32767, IF($X$2=2, U1208, 32767), IF(OR(AND(H1207="7fff", I1207="7fff", J1207="0",$X$2=2),AND(ABS(T1207)>2, J1207="0",$X$2=2)),U1208,HEX2DEC(J1207)/10 ))) -> 8
A1208: 65bed8a7 | B1208: 0 | C1208: 0 | D1208: 0 | E1208: 0 | F1208: 0 | G1208: 0 | H1208: 4e | I1208: 4c | J1208: 49 | L1208: =IF(AND((((HEX2DEC(A1208)/60)/60)/24)+DATE(1970,1,1) >= DATE(YEAR((((HEX2DEC(A1208)/60)/60)/24)+DATE(1970,1,1)),3,24)+WEEKDAY(DATE(YEAR((((HEX2DEC(A1208)/60)/60)/24)+DATE(1970,1,1)),3,31)-1), (((HEX2DEC(A1208)/60)/60)/24)+DATE(1970,1,1) < DATE(YEAR((((HEX2DEC(A1208)/60)/60)/24)+DATE(1970,1,1)),11,1)+26-WEEKDAY(DATE(YEAR((((HEX2DEC(A1208)/60)/60)/24)+DATE(1970,1,1)),11,1)-1)),(((HEX2DEC(A1208)/60)/60)/24)+DATE(1970,1,1)+2/24,(((HEX2DEC(A1208)/60)/60)/24)+DATE(1970,1,1)+1/24) -> 45326.057 | M1208: =IF('tab4'!$B1208=0,0,IF('tab4'!$B1208=1,1,IF('tab4'!$B1208=4,2,IF('tab4'!$B1208=5,3,IF('tab4'!$B1208=6,4,IF(AND('tab4'!$B1208=80,$X$2=2),0,-1)))))) -> 0 | N1208: =IF('tab4'!$C1208=0,0,IF('tab4'!$C1208=1,1,IF('tab4'!$C1208=4,2,IF('tab4'!$C1208=5,3,IF('tab4'!$C1208=6,4,IF(AND('tab4'!$C1208=80,$X$2=2),0,-1)))))) -> 0 | O1208: =D1208 -> 0 | P1208: =E1208 -> 0 | Q1208: =F1208 -> 0 | R1208: =G1208 -> 0 | S1208: =IF(HEX2DEC(H1208) >= 32768, (HEX2DEC(H1208) - 65535 - 1)/10, IF(HEX2DEC(H1208) = 32767, IF($X$2=2, S1209, 32767), HEX2DEC(H1208)/10 )) -> 7.8 | T1208: =IF(HEX2DEC(I1208) >= 32768, (HEX2DEC(I1208) - 65535 - 1)/10, IF(HEX2DEC(I1208) = 32767, IF($X$2=2, T1209, 32767), HEX2DEC(I1208)/10 )) -> 7.6 | U1208: =IF(HEX2DEC(J1208) >= 32768, (HEX2DEC(J1208) - 65535 - 1)/10, IF(HEX2DEC(J1208) = 32767, IF($X$2=2, U1209, 32767), IF(OR(AND(H1208="7fff", I1208="7fff", J1208="0",$X$2=2),AND(ABS(T1208)>2, J1208="0",$X$2=2)),U1209,HEX2DEC(J1208)/10 ))) -> 7.3
A1209: 65bef4c7 | B1209: 0 | C1209: 0 | D1209: 0 | E1209: 0 | F1209: 0 | G1209: 0 | H1209: 44 | I1209: 41 | J1209: 48 | L1209: =IF(AND((((HEX2DEC(A1209)/60)/60)/24)+DATE(1970,1,1) >= DATE(YEAR((((HEX2DEC(A1209)/60)/60)/24)+DATE(1970,1,1)),3,24)+WEEKDAY(DATE(YEAR((((HEX2DEC(A1209)/60)/60)/24)+DATE(1970,1,1)),3,31)-1), (((HEX2DEC(A1209)/60)/60)/24)+DATE(1970,1,1) < DATE(YEAR((((HEX2DEC(A1209)/60)/60)/24)+DATE(1970,1,1)),11,1)+26-WEEKDAY(DATE(YEAR((((HEX2DEC(A1209)/60)/60)/24)+DATE(1970,1,1)),11,1)-1)),(((HEX2DEC(A1209)/60)/60)/24)+DATE(1970,1,1)+2/24,(((HEX2DEC(A1209)/60)/60)/24)+DATE(1970,1,1)+1/24) -> 45326.14 | M1209: =IF('tab4'!$B1209=0,0,IF('tab4'!$B1209=1,1,IF('tab4'!$B1209=4,2,IF('tab4'!$B1209=5,3,IF('tab4'!$B1209=6,4,IF(AND('tab4'!$B1209=80,$X$2=2),0,-1)))))) -> 0 | N1209: =IF('tab4'!$C1209=0,0,IF('tab4'!$C1209=1,1,IF('tab4'!$C1209=4,2,IF('tab4'!$C1209=5,3,IF('tab4'!$C1209=6,4,IF(AND('tab4'!$C1209=80,$X$2=2),0,-1)))))) -> 0 | O1209: =D1209 -> 0 | P1209: =E1209 -> 0 | Q1209: =F1209 -> 0 | R1209: =G1209 -> 0 | S1209: =IF(HEX2DEC(H1209) >= 32768, (HEX2DEC(H1209) - 65535 - 1)/10, IF(HEX2DEC(H1209) = 32767, IF($X$2=2, S1210, 32767), HEX2DEC(H1209)/10 )) -> 6.8 | T1209: =IF(HEX2DEC(I1209) >= 32768, (HEX2DEC(I1209) - 65535 - 1)/10, IF(HEX2DEC(I1209) = 32767, IF($X$2=2, T1210, 32767), HEX2DEC(I1209)/10 )) -> 6.5 | U1209: =IF(HEX2DEC(J1209) >= 32768, (HEX2DEC(J1209) - 65535 - 1)/10, IF(HEX2DEC(J1209) = 32767, IF($X$2=2, U1210, 32767), IF(OR(AND(H1209="7fff", I1209="7fff", J1209="0",$X$2=2),AND(ABS(T1209)>2, J1209="0",$X$2=2)),U1210,HEX2DEC(J1209)/10 ))) -> 7.2
A1210: 65bf10e8 | B1210: 0 | C1210: 0 | D1210: 0 | E1210: 0 | F1210: 0 | G1210: 0 | H1210: 38 | I1210: 33 | J1210: 3e | L1210: =IF(AND((((HEX2DEC(A1210)/60)/60)/24)+DATE(1970,1,1) >= DATE(YEAR((((HEX2DEC(A1210)/60)/60)/24)+DATE(1970,1,1)),3,24)+WEEKDAY(DATE(YEAR((((HEX2DEC(A1210)/60)/60)/24)+DATE(1970,1,1)),3,31)-1), (((HEX2DEC(A1210)/60)/60)/24)+DATE(1970,1,1) < DATE(YEAR((((HEX2DEC(A1210)/60)/60)/24)+DATE(1970,1,1)),11,1)+26-WEEKDAY(DATE(YEAR((((HEX2DEC(A1210)/60)/60)/24)+DATE(1970,1,1)),11,1)-1)),(((HEX2DEC(A1210)/60)/60)/24)+DATE(1970,1,1)+2/24,(((HEX2DEC(A1210)/60)/60)/24)+DATE(1970,1,1)+1/24) -> 45326.224 | M1210: =IF('tab4'!$B1210=0,0,IF('tab4'!$B1210=1,1,IF('tab4'!$B1210=4,2,IF('tab4'!$B1210=5,3,IF('tab4'!$B1210=6,4,IF(AND('tab4'!$B1210=80,$X$2=2),0,-1)))))) -> 0 | N1210: =IF('tab4'!$C1210=0,0,IF('tab4'!$C1210=1,1,IF('tab4'!$C1210=4,2,IF('tab4'!$C1210=5,3,IF('tab4'!$C1210=6,4,IF(AND('tab4'!$C1210=80,$X$2=2),0,-1)))))) -> 0 | O1210: =D1210 -> 0 | P1210: =E1210 -> 0 | Q1210: =F1210 -> 0 | R1210: =G1210 -> 0 | S1210: =IF(HEX2DEC(H1210) >= 32768, (HEX2DEC(H1210) - 65535 - 1)/10, IF(HEX2DEC(H1210) = 32767, IF($X$2=2, S1211, 32767), HEX2DEC(H1210)/10 )) -> 5.6 | T1210: =IF(HEX2DEC(I1210) >= 32768, (HEX2DEC(I1210) - 65535 - 1)/10, IF(HEX2DEC(I1210) = 32767, IF($X$2=2, T1211, 32767), HEX2DEC(I1210)/10 )) -> 5.1 | U1210: =IF(HEX2DEC(J1210) >= 32768, (HEX2DEC(J1210) - 65535 - 1)/10, IF(HEX2DEC(J1210) = 32767, IF($X$2=2, U1211, 32767), IF(OR(AND(H1210="7fff", I1210="7fff", J1210="0",$X$2=2),AND(ABS(T1210)>2, J1210="0",$X$2=2)),U1211,HEX2DEC(J1210)/10 ))) -> 6.2
A1211: 65bf2d09 | B1211: 0 | C1211: 0 | D1211: 0 | E1211: 0 | F1211: 0 | G1211: 0 | H1211: 2e | I1211: 27 | J1211: 30 | L1211: =IF(AND((((HEX2DEC(A1211)/60)/60)/24)+DATE(1970,1,1) >= DATE(YEAR((((HEX2DEC(A1211)/60)/60)/24)+DATE(1970,1,1)),3,24)+WEEKDAY(DATE(YEAR((((HEX2DEC(A1211)/60)/60)/24)+DATE(1970,1,1)),3,31)-1), (((HEX2DEC(A1211)/60)/60)/24)+DATE(1970,1,1) < DATE(YEAR((((HEX2DEC(A1211)/60)/60)/24)+DATE(1970,1,1)),11,1)+26-WEEKDAY(DATE(YEAR((((HEX2DEC(A1211)/60)/60)/24)+DATE(1970,1,1)),11,1)-1)),(((HEX2DEC(A1211)/60)/60)/24)+DATE(1970,1,1)+2/24,(((HEX2DEC(A1211)/60)/60)/24)+DATE(1970,1,1)+1/24) -> 45326.307 | M1211: =IF('tab4'!$B1211=0,0,IF('tab4'!$B1211=1,1,IF('tab4'!$B1211=4,2,IF('tab4'!$B1211=5,3,IF('tab4'!$B1211=6,4,IF(AND('tab4'!$B1211=80,$X$2=2),0,-1)))))) -> 0 | N1211: =IF('tab4'!$C1211=0,0,IF('tab4'!$C1211=1,1,IF('tab4'!$C1211=4,2,IF('tab4'!$C1211=5,3,IF('tab4'!$C1211=6,4,IF(AND('tab4'!$C1211=80,$X$2=2),0,-1)))))) -> 0 | O1211: =D1211 -> 0 | P1211: =E1211 -> 0 | Q1211: =F1211 -> 0 | R1211: =G1211 -> 0 | S1211: =IF(HEX2DEC(H1211) >= 32768, (HEX2DEC(H1211) - 65535 - 1)/10, IF(HEX2DEC(H1211) = 32767, IF($X$2=2, S1212, 32767), HEX2DEC(H1211)/10 )) -> 4.6 | T1211: =IF(HEX2DEC(I1211) >= 32768, (HEX2DEC(I1211) - 65535 - 1)/10, IF(HEX2DEC(I1211) = 32767, IF($X$2=2, T1212, 32767), HEX2DEC(I1211)/10 )) -> 3.9 | U1211: =IF(HEX2DEC(J1211) >= 32768, (HEX2DEC(J1211) - 65535 - 1)/10, IF(HEX2DEC(J1211) = 32767, IF($X$2=2, U1212, 32767), IF(OR(AND(H1211="7fff", I1211="7fff", J1211="0",$X$2=2),AND(ABS(T1211)>2, J1211="0",$X$2=2)),U1212,HEX2DEC(J1211)/10 ))) -> 4.8
A1212: 65bf4929 | B1212: 0 | C1212: 0 | D1212: 0 | E1212: 0 | F1212: 0 | G1212: 0 | H1212: 3b | I1212: 51 | J1212: 5e | L1212: =IF(AND((((HEX2DEC(A1212)/60)/60)/24)+DATE(1970,1,1) >= DATE(YEAR((((HEX2DEC(A1212)/60)/60)/24)+DATE(1970,1,1)),3,24)+WEEKDAY(DATE(YEAR((((HEX2DEC(A1212)/60)/60)/24)+DATE(1970,1,1)),3,31)-1), (((HEX2DEC(A1212)/60)/60)/24)+DATE(1970,1,1) < DATE(YEAR((((HEX2DEC(A1212)/60)/60)/24)+DATE(1970,1,1)),11,1)+26-WEEKDAY(DATE(YEAR((((HEX2DEC(A1212)/60)/60)/24)+DATE(1970,1,1)),11,1)-1)),(((HEX2DEC(A1212)/60)/60)/24)+DATE(1970,1,1)+2/24,(((HEX2DEC(A1212)/60)/60)/24)+DATE(1970,1,1)+1/24) -> 45326.39 | M1212: =IF('tab4'!$B1212=0,0,IF('tab4'!$B1212=1,1,IF('tab4'!$B1212=4,2,IF('tab4'!$B1212=5,3,IF('tab4'!$B1212=6,4,IF(AND('tab4'!$B1212=80,$X$2=2),0,-1)))))) -> 0 | N1212: =IF('tab4'!$C1212=0,0,IF('tab4'!$C1212=1,1,IF('tab4'!$C1212=4,2,IF('tab4'!$C1212=5,3,IF('tab4'!$C1212=6,4,IF(AND('tab4'!$C1212=80,$X$2=2),0,-1)))))) -> 0 | O1212: =D1212 -> 0 | P1212: =E1212 -> 0 | Q1212: =F1212 -> 0 | R1212: =G1212 -> 0 | S1212: =IF(HEX2DEC(H1212) >= 32768, (HEX2DEC(H1212) - 65535 - 1)/10, IF(HEX2DEC(H1212) = 32767, IF($X$2=2, S1213, 32767), HEX2DEC(H1212)/10 )) -> 5.9 | T1212: =IF(HEX2DEC(I1212) >= 32768, (HEX2DEC(I1212) - 65535 - 1)/10, IF(HEX2DEC(I1212) = 32767, IF($X$2=2, T1213, 32767), HEX2DEC(I1212)/10 )) -> 8.1 | U1212: =IF(HEX2DEC(J1212) >= 32768, (HEX2DEC(J1212) - 65535 - 1)/10, IF(HEX2DEC(J1212) = 32767, IF($X$2=2, U1213, 32767), IF(OR(AND(H1212="7fff", I1212="7fff", J1212="0",$X$2=2),AND(ABS(T1212)>2, J1212="0",$X$2=2)),U1213,HEX2DEC(J1212)/10 ))) -> 9.4
A1213: 65bf6549 | B1213: 0 | C1213: 0 | D1213: 0 | E1213: 0 | F1213: 0 | G1213: 0 | H1213: 57 | I1213: 60 | J1213: 58 | L1213: =IF(AND((((HEX2DEC(A1213)/60)/60)/24)+DATE(1970,1,1) >= DATE(YEAR((((HEX2DEC(A1213)/60)/60)/24)+DATE(1970,1,1)),3,24)+WEEKDAY(DATE(YEAR((((HEX2DEC(A1213)/60)/60)/24)+DATE(1970,1,1)),3,31)-1), (((HEX2DEC(A1213)/60)/60)/24)+DATE(1970,1,1) < DATE(YEAR((((HEX2DEC(A1213)/60)/60)/24)+DATE(1970,1,1)),11,1)+26-WEEKDAY(DATE(YEAR((((HEX2DEC(A1213)/60)/60)/24)+DATE(1970,1,1)),11,1)-1)),(((HEX2DEC(A1213)/60)/60)/24)+DATE(1970,1,1)+2/24,(((HEX2DEC(A1213)/60)/60)/24)+DATE(1970,1,1)+1/24) -> 45326.474 | M1213: =IF('tab4'!$B1213=0,0,IF('tab4'!$B1213=1,1,IF('tab4'!$B1213=4,2,IF('tab4'!$B1213=5,3,IF('tab4'!$B1213=6,4,IF(AND('tab4'!$B1213=80,$X$2=2),0,-1)))))) -> 0 | N1213: =IF('tab4'!$C1213=0,0,IF('tab4'!$C1213=1,1,IF('tab4'!$C1213=4,2,IF('tab4'!$C1213=5,3,IF('tab4'!$C1213=6,4,IF(AND('tab4'!$C1213=80,$X$2=2),0,-1)))))) -> 0 | O1213: =D1213 -> 0 | P1213: =E1213 -> 0 | Q1213: =F1213 -> 0 | R1213: =G1213 -> 0 | S1213: =IF(HEX2DEC(H1213) >= 32768, (HEX2DEC(H1213) - 65535 - 1)/10, IF(HEX2DEC(H1213) = 32767, IF($X$2=2, S1214, 32767), HEX2DEC(H1213)/10 )) -> 8.7 | T1213: =IF(HEX2DEC(I1213) >= 32768, (HEX2DEC(I1213) - 65535 - 1)/10, IF(HEX2DEC(I1213) = 32767, IF($X$2=2, T1214, 32767), HEX2DEC(I1213)/10 )) -> 9.6 | U1213: =IF(HEX2DEC(J1213) >= 32768, (HEX2DEC(J1213) - 65535 - 1)/10, IF(HEX2DEC(J1213) = 32767, IF($X$2=2, U1214, 32767), IF(OR(AND(H1213="7fff", I1213="7fff", J1213="0",$X$2=2),AND(ABS(T1213)>2, J1213="0",$X$2=2)),U1214,HEX2DEC(J1213)/10 ))) -> 8.8
A1214: 65bf816a | B1214: 0 | C1214: 0 | D1214: 0 | E1214: 0 | F1214: 0 | G1214: 0 | H1214: 69 | I1214: 6d | J1214: 65 | L1214: =IF(AND((((HEX2DEC(A1214)/60)/60)/24)+DATE(1970,1,1) >= DATE(YEAR((((HEX2DEC(A1214)/60)/60)/24)+DATE(1970,1,1)),3,24)+WEEKDAY(DATE(YEAR((((HEX2DEC(A1214)/60)/60)/24)+DATE(1970,1,1)),3,31)-1), (((HEX2DEC(A1214)/60)/60)/24)+DATE(1970,1,1) < DATE(YEAR((((HEX2DEC(A1214)/60)/60)/24)+DATE(1970,1,1)),11,1)+26-WEEKDAY(DATE(YEAR((((HEX2DEC(A1214)/60)/60)/24)+DATE(1970,1,1)),11,1)-1)),(((HEX2DEC(A1214)/60)/60)/24)+DATE(1970,1,1)+2/24,(((HEX2DEC(A1214)/60)/60)/24)+DATE(1970,1,1)+1/24) -> 45326.557 | M1214: =IF('tab4'!$B1214=0,0,IF('tab4'!$B1214=1,1,IF('tab4'!$B1214=4,2,IF('tab4'!$B1214=5,3,IF('tab4'!$B1214=6,4,IF(AND('tab4'!$B1214=80,$X$2=2),0,-1)))))) -> 0 | N1214: =IF('tab4'!$C1214=0,0,IF('tab4'!$C1214=1,1,IF('tab4'!$C1214=4,2,IF('tab4'!$C1214=5,3,IF('tab4'!$C1214=6,4,IF(AND('tab4'!$C1214=80,$X$2=2),0,-1)))))) -> 0 | O1214: =D1214 -> 0 | P1214: =E1214 -> 0 | Q1214: =F1214 -> 0 | R1214: =G1214 -> 0 | S1214: =IF(HEX2DEC(H1214) >= 32768, (HEX2DEC(H1214) - 65535 - 1)/10, IF(HEX2DEC(H1214) = 32767, IF($X$2=2, S1215, 32767), HEX2DEC(H1214)/10 )) -> 10.5 | T1214: =IF(HEX2DEC(I1214) >= 32768, (HEX2DEC(I1214) - 65535 - 1)/10, IF(HEX2DEC(I1214) = 32767, IF($X$2=2, T1215, 32767), HEX2DEC(I1214)/10 )) -> 10.9 | U1214: =IF(HEX2DEC(J1214) >= 32768, (HEX2DEC(J1214) - 65535 - 1)/10, IF(HEX2DEC(J1214) = 32767, IF($X$2=2, U1215, 32767), IF(OR(AND(H1214="7fff", I1214="7fff", J1214="0",$X$2=2),AND(ABS(T1214)>2, J1214="0",$X$2=2)),U1215,HEX2DEC(J1214)/10 ))) -> 10.1
A1215: 65bf9d8a | B1215: 0 | C1215: 0 | D1215: 0 | E1215: 0 | F1215: 0 | G1215: 0 | H1215: 5e | I1215: 5b | J1215: 52 | L1215: =IF(AND((((HEX2DEC(A1215)/60)/60)/24)+DATE(1970,1,1) >= DATE(YEAR((((HEX2DEC(A1215)/60)/60)/24)+DATE(1970,1,1)),3,24)+WEEKDAY(DATE(YEAR((((HEX2DEC(A1215)/60)/60)/24)+DATE(1970,1,1)),3,31)-1), (((HEX2DEC(A1215)/60)/60)/24)+DATE(1970,1,1) < DATE(YEAR((((HEX2DEC(A1215)/60)/60)/24)+DATE(1970,1,1)),11,1)+26-WEEKDAY(DATE(YEAR((((HEX2DEC(A1215)/60)/60)/24)+DATE(1970,1,1)),11,1)-1)),(((HEX2DEC(A1215)/60)/60)/24)+DATE(1970,1,1)+2/24,(((HEX2DEC(A1215)/60)/60)/24)+DATE(1970,1,1)+1/24) -> 45326.64 | M1215: =IF('tab4'!$B1215=0,0,IF('tab4'!$B1215=1,1,IF('tab4'!$B1215=4,2,IF('tab4'!$B1215=5,3,IF('tab4'!$B1215=6,4,IF(AND('tab4'!$B1215=80,$X$2=2),0,-1)))))) -> 0 | N1215: =IF('tab4'!$C1215=0,0,IF('tab4'!$C1215=1,1,IF('tab4'!$C1215=4,2,IF('tab4'!$C1215=5,3,IF('tab4'!$C1215=6,4,IF(AND('tab4'!$C1215=80,$X$2=2),0,-1)))))) -> 0 | O1215: =D1215 -> 0 | P1215: =E1215 -> 0 | Q1215: =F1215 -> 0 | R1215: =G1215 -> 0 | S1215: =IF(HEX2DEC(H1215) >= 32768, (HEX2DEC(H1215) - 65535 - 1)/10, IF(HEX2DEC(H1215) = 32767, IF($X$2=2, S1216, 32767), HEX2DEC(H1215)/10 )) -> 9.4 | T1215: =IF(HEX2DEC(I1215) >= 32768, (HEX2DEC(I1215) - 65535 - 1)/10, IF(HEX2DEC(I1215) = 32767, IF($X$2=2, T1216, 32767), HEX2DEC(I1215)/10 )) -> 9.1 | U1215: =IF(HEX2DEC(J1215) >= 32768, (HEX2DEC(J1215) - 65535 - 1)/10, IF(HEX2DEC(J1215) = 32767, IF($X$2=2, U1216, 32767), IF(OR(AND(H1215="7fff", I1215="7fff", J1215="0",$X$2=2),AND(ABS(T1215)>2, J1215="0",$X$2=2)),U1216,HEX2DEC(J1215)/10 ))) -> 8.2
A1216: 65bfb9aa | B1216: 0 | C1216: 0 | D1216: 0 | E1216: 0 | F1216: 0 | G1216: 0 | H1216: 4c | I1216: 47 | J1216: 52 | L1216: =IF(AND((((HEX2DEC(A1216)/60)/60)/24)+DATE(1970,1,1) >= DATE(YEAR((((HEX2DEC(A1216)/60)/60)/24)+DATE(1970,1,1)),3,24)+WEEKDAY(DATE(YEAR((((HEX2DEC(A1216)/60)/60)/24)+DATE(1970,1,1)),3,31)-1), (((HEX2DEC(A1216)/60)/60)/24)+DATE(1970,1,1) < DATE(YEAR((((HEX2DEC(A1216)/60)/60)/24)+DATE(1970,1,1)),11,1)+26-WEEKDAY(DATE(YEAR((((HEX2DEC(A1216)/60)/60)/24)+DATE(1970,1,1)),11,1)-1)),(((HEX2DEC(A1216)/60)/60)/24)+DATE(1970,1,1)+2/24,(((HEX2DEC(A1216)/60)/60)/24)+DATE(1970,1,1)+1/24) -> 45326.724 | M1216: =IF('tab4'!$B1216=0,0,IF('tab4'!$B1216=1,1,IF('tab4'!$B1216=4,2,IF('tab4'!$B1216=5,3,IF('tab4'!$B1216=6,4,IF(AND('tab4'!$B1216=80,$X$2=2),0,-1)))))) -> 0 | N1216: =IF('tab4'!$C1216=0,0,IF('tab4'!$C1216=1,1,IF('tab4'!$C1216=4,2,IF('tab4'!$C1216=5,3,IF('tab4'!$C1216=6,4,IF(AND('tab4'!$C1216=80,$X$2=2),0,-1)))))) -> 0 | O1216: =D1216 -> 0 | P1216: =E1216 -> 0 | Q1216: =F1216 -> 0 | R1216: =G1216 -> 0 | S1216: =IF(HEX2DEC(H1216) >= 32768, (HEX2DEC(H1216) - 65535 - 1)/10, IF(HEX2DEC(H1216) = 32767, IF($X$2=2, S1217, 32767), HEX2DEC(H1216)/10 )) -> 7.6 | T1216: =IF(HEX2DEC(I1216) >= 32768, (HEX2DEC(I1216) - 65535 - 1)/10, IF(HEX2DEC(I1216) = 32767, IF($X$2=2, T1217, 32767), HEX2DEC(I1216)/10 )) -> 7.1 | U1216: =IF(HEX2DEC(J1216) >= 32768, (HEX2DEC(J1216) - 65535 - 1)/10, IF(HEX2DEC(J1216) = 32767, IF($X$2=2, U1217, 32767), IF(OR(AND(H1216="7fff", I1216="7fff", J1216="0",$X$2=2),AND(ABS(T1216)>2, J1216="0",$X$2=2)),U1217,HEX2DEC(J1216)/10 ))) -> 8.2
A1217: 65bfd5cb | B1217: 0 | C1217: 0 | D1217: 0 | E1217: 0 | F1217: 0 | G1217: 0 | H1217: 49 | I1217: 45 | J1217: 4f | L1217: =IF(AND((((HEX2DEC(A1217)/60)/60)/24)+DATE(1970,1,1) >= DATE(YEAR((((HEX2DEC(A1217)/60)/60)/24)+DATE(1970,1,1)),3,24)+WEEKDAY(DATE(YEAR((((HEX2DEC(A1217)/60)/60)/24)+DATE(1970,1,1)),3,31)-1), (((HEX2DEC(A1217)/60)/60)/24)+DATE(1970,1,1) < DATE(YEAR((((HEX2DEC(A1217)/60)/60)/24)+DATE(1970,1,1)),11,1)+26-WEEKDAY(DATE(YEAR((((HEX2DEC(A1217)/60)/60)/24)+DATE(1970,1,1)),11,1)-1)),(((HEX2DEC(A1217)/60)/60)/24)+DATE(1970,1,1)+2/24,(((HEX2DEC(A1217)/60)/60)/24)+DATE(1970,1,1)+1/24) -> 45326.807 | M1217: =IF('tab4'!$B1217=0,0,IF('tab4'!$B1217=1,1,IF('tab4'!$B1217=4,2,IF('tab4'!$B1217=5,3,IF('tab4'!$B1217=6,4,IF(AND('tab4'!$B1217=80,$X$2=2),0,-1)))))) -> 0 | N1217: =IF('tab4'!$C1217=0,0,IF('tab4'!$C1217=1,1,IF('tab4'!$C1217=4,2,IF('tab4'!$C1217=5,3,IF('tab4'!$C1217=6,4,IF(AND('tab4'!$C1217=80,$X$2=2),0,-1)))))) -> 0 | O1217: =D1217 -> 0 | P1217: =E1217 -> 0 | Q1217: =F1217 -> 0 | R1217: =G1217 -> 0 | S1217: =IF(HEX2DEC(H1217) >= 32768, (HEX2DEC(H1217) - 65535 - 1)/10, IF(HEX2DEC(H1217) = 32767, IF($X$2=2, S1218, 32767), HEX2DEC(H1217)/10 )) -> 7.3 | T1217: =IF(HEX2DEC(I1217) >= 32768, (HEX2DEC(I1217) - 65535 - 1)/10, IF(HEX2DEC(I1217) = 32767, IF($X$2=2, T1218, 32767), HEX2DEC(I1217)/10 )) -> 6.9 | U1217: =IF(HEX2DEC(J1217) >= 32768, (HEX2DEC(J1217) - 65535 - 1)/10, IF(HEX2DEC(J1217) = 32767, IF($X$2=2, U1218, 32767), IF(OR(AND(H1217="7fff", I1217="7fff", J1217="0",$X$2=2),AND(ABS(T1217)>2, J1217="0",$X$2=2)),U1218,HEX2DEC(J1217)/10 ))) -> 7.9
A1218: 65bff1eb | B1218: 0 | C1218: 0 | D1218: 0 | E1218: 0 | F1218: 0 | G1218: 0 | H1218: 48 | I1218: 45 | J1218: 4b | L1218: =IF(AND((((HEX2DEC(A1218)/60)/60)/24)+DATE(1970,1,1) >= DATE(YEAR((((HEX2DEC(A1218)/60)/60)/24)+DATE(1970,1,1)),3,24)+WEEKDAY(DATE(YEAR((((HEX2DEC(A1218)/60)/60)/24)+DATE(1970,1,1)),3,31)-1), (((HEX2DEC(A1218)/60)/60)/24)+DATE(1970,1,1) < DATE(YEAR((((HEX2DEC(A1218)/60)/60)/24)+DATE(1970,1,1)),11,1)+26-WEEKDAY(DATE(YEAR((((HEX2DEC(A1218)/60)/60)/24)+DATE(1970,1,1)),11,1)-1)),(((HEX2DEC(A1218)/60)/60)/24)+DATE(1970,1,1)+2/24,(((HEX2DEC(A1218)/60)/60)/24)+DATE(1970,1,1)+1/24) -> 45326.89 | M1218: =IF('tab4'!$B1218=0,0,IF('tab4'!$B1218=1,1,IF('tab4'!$B1218=4,2,IF('tab4'!$B1218=5,3,IF('tab4'!$B1218=6,4,IF(AND('tab4'!$B1218=80,$X$2=2),0,-1)))))) -> 0 | N1218: =IF('tab4'!$C1218=0,0,IF('tab4'!$C1218=1,1,IF('tab4'!$C1218=4,2,IF('tab4'!$C1218=5,3,IF('tab4'!$C1218=6,4,IF(AND('tab4'!$C1218=80,$X$2=2),0,-1)))))) -> 0 | O1218: =D1218 -> 0 | P1218: =E1218 -> 0 | Q1218: =F1218 -> 0 | R1218: =G1218 -> 0 | S1218: =IF(HEX2DEC(H1218) >= 32768, (HEX2DEC(H1218) - 65535 - 1)/10, IF(HEX2DEC(H1218) = 32767, IF($X$2=2, S1219, 32767), HEX2DEC(H1218)/10 )) -> 7.2 | T1218: =IF(HEX2DEC(I1218) >= 32768, (HEX2DEC(I1218) - 65535 - 1)/10, IF(HEX2DEC(I1218) = 32767, IF($X$2=2, T1219, 32767), HEX2DEC(I1218)/10 )) -> 6.9 | U1218: =IF(HEX2DEC(J1218) >= 32768, (HEX2DEC(J1218) - 65535 - 1)/10, IF(HEX2DEC(J1218) = 32767, IF($X$2=2, U1219, 32767), IF(OR(AND(H1218="7fff", I1218="7fff", J1218="0",$X$2=2),AND(ABS(T1218)>2, J1218="0",$X$2=2)),U1219,HEX2DEC(J1218)/10 ))) -> 7.5
A1219: 65c00e0c | B1219: 0 | C1219: 0 | D1219: 0 | E1219: 0 | F1219: 0 | G1219: 0 | H1219: 3b | I1219: 37 | J1219: 36 | L1219: =IF(AND((((HEX2DEC(A1219)/60)/60)/24)+DATE(1970,1,1) >= DATE(YEAR((((HEX2DEC(A1219)/60)/60)/24)+DATE(1970,1,1)),3,24)+WEEKDAY(DATE(YEAR((((HEX2DEC(A1219)/60)/60)/24)+DATE(1970,1,1)),3,31)-1), (((HEX2DEC(A1219)/60)/60)/24)+DATE(1970,1,1) < DATE(YEAR((((HEX2DEC(A1219)/60)/60)/24)+DATE(1970,1,1)),11,1)+26-WEEKDAY(DATE(YEAR((((HEX2DEC(A1219)/60)/60)/24)+DATE(1970,1,1)),11,1)-1)),(((HEX2DEC(A1219)/60)/60)/24)+DATE(1970,1,1)+2/24,(((HEX2DEC(A1219)/60)/60)/24)+DATE(1970,1,1)+1/24) -> 45326.974 | M1219: =IF('tab4'!$B1219=0,0,IF('tab4'!$B1219=1,1,IF('tab4'!$B1219=4,2,IF('tab4'!$B1219=5,3,IF('tab4'!$B1219=6,4,IF(AND('tab4'!$B1219=80,$X$2=2),0,-1)))))) -> 0 | N1219: =IF('tab4'!$C1219=0,0,IF('tab4'!$C1219=1,1,IF('tab4'!$C1219=4,2,IF('tab4'!$C1219=5,3,IF('tab4'!$C1219=6,4,IF(AND('tab4'!$C1219=80,$X$2=2),0,-1)))))) -> 0 | O1219: =D1219 -> 0 | P1219: =E1219 -> 0 | Q1219: =F1219 -> 0 | R1219: =G1219 -> 0 | S1219: =IF(HEX2DEC(H1219) >= 32768, (HEX2DEC(H1219) - 65535 - 1)/10, IF(HEX2DEC(H1219) = 32767, IF($X$2=2, S1220, 32767), HEX2DEC(H1219)/10 )) -> 5.9 | T1219: =IF(HEX2DEC(I1219) >= 32768, (HEX2DEC(I1219) - 65535 - 1)/10, IF(HEX2DEC(I1219) = 32767, IF($X$2=2, T1220, 32767), HEX2DEC(I1219)/10 )) -> 5.5 | U1219: =IF(HEX2DEC(J1219) >= 32768, (HEX2DEC(J1219) - 65535 - 1)/10, IF(HEX2DEC(J1219) = 32767, IF($X$2=2, U1220, 32767), IF(OR(AND(H1219="7fff", I1219="7fff", J1219="0",$X$2=2),AND(ABS(T1219)>2, J1219="0",$X$2=2)),U1220,HEX2DEC(J1219)/10 ))) -> 5.4
A1220: 65c02a2c | B1220: 0 | C1220: 0 | D1220: 0 | E1220: 0 | F1220: 0 | G1220: 0 | H1220: 3a | I1220: 37 | J1220: 39 | L1220: =IF(AND((((HEX2DEC(A1220)/60)/60)/24)+DATE(1970,1,1) >= DATE(YEAR((((HEX2DEC(A1220)/60)/60)/24)+DATE(1970,1,1)),3,24)+WEEKDAY(DATE(YEAR((((HEX2DEC(A1220)/60)/60)/24)+DATE(1970,1,1)),3,31)-1), (((HEX2DEC(A1220)/60)/60)/24)+DATE(1970,1,1) < DATE(YEAR((((HEX2DEC(A1220)/60)/60)/24)+DATE(1970,1,1)),11,1)+26-WEEKDAY(DATE(YEAR((((HEX2DEC(A1220)/60)/60)/24)+DATE(1970,1,1)),11,1)-1)),(((HEX2DEC(A1220)/60)/60)/24)+DATE(1970,1,1)+2/24,(((HEX2DEC(A1220)/60)/60)/24)+DATE(1970,1,1)+1/24) -> 45327.057 | M1220: =IF('tab4'!$B1220=0,0,IF('tab4'!$B1220=1,1,IF('tab4'!$B1220=4,2,IF('tab4'!$B1220=5,3,IF('tab4'!$B1220=6,4,IF(AND('tab4'!$B1220=80,$X$2=2),0,-1)))))) -> 0 | N1220: =IF('tab4'!$C1220=0,0,IF('tab4'!$C1220=1,1,IF('tab4'!$C1220=4,2,IF('tab4'!$C1220=5,3,IF('tab4'!$C1220=6,4,IF(AND('tab4'!$C1220=80,$X$2=2),0,-1)))))) -> 0 | O1220: =D1220 -> 0 | P1220: =E1220 -> 0 | Q1220: =F1220 -> 0 | R1220: =G1220 -> 0 | S1220: =IF(HEX2DEC(H1220) >= 32768, (HEX2DEC(H1220) - 65535 - 1)/10, IF(HEX2DEC(H1220) = 32767, IF($X$2=2, S1221, 32767), HEX2DEC(H1220)/10 )) -> 5.8 | T1220: =IF(HEX2DEC(I1220) >= 32768, (HEX2DEC(I1220) - 65535 - 1)/10, IF(HEX2DEC(I1220) = 32767, IF($X$2=2, T1221, 32767), HEX2DEC(I1220)/10 )) -> 5.5 | U1220: =IF(HEX2DEC(J1220) >= 32768, (HEX2DEC(J1220) - 65535 - 1)/10, IF(HEX2DEC(J1220) = 32767, IF($X$2=2, U1221, 32767), IF(OR(AND(H1220="7fff", I1220="7fff", J1220="0",$X$2=2),AND(ABS(T1220)>2, J1220="0",$X$2=2)),U1221,HEX2DEC(J1220)/10 ))) -> 5.7
A1221: 65c0464d | B1221: 0 | C1221: 0 | D1221: 0 | E1221: 0 | F1221: 0 | G1221: 0 | H1221: 3e | I1221: 3b | J1221: 3b | L1221: =IF(AND((((HEX2DEC(A1221)/60)/60)/24)+DATE(1970,1,1) >= DATE(YEAR((((HEX2DEC(A1221)/60)/60)/24)+DATE(1970,1,1)),3,24)+WEEKDAY(DATE(YEAR((((HEX2DEC(A1221)/60)/60)/24)+DATE(1970,1,1)),3,31)-1), (((HEX2DEC(A1221)/60)/60)/24)+DATE(1970,1,1) < DATE(YEAR((((HEX2DEC(A1221)/60)/60)/24)+DATE(1970,1,1)),11,1)+26-WEEKDAY(DATE(YEAR((((HEX2DEC(A1221)/60)/60)/24)+DATE(1970,1,1)),11,1)-1)),(((HEX2DEC(A1221)/60)/60)/24)+DATE(1970,1,1)+2/24,(((HEX2DEC(A1221)/60)/60)/24)+DATE(1970,1,1)+1/24) -> 45327.14 | M1221: =IF('tab4'!$B1221=0,0,IF('tab4'!$B1221=1,1,IF('tab4'!$B1221=4,2,IF('tab4'!$B1221=5,3,IF('tab4'!$B1221=6,4,IF(AND('tab4'!$B1221=80,$X$2=2),0,-1)))))) -> 0 | N1221: =IF('tab4'!$C1221=0,0,IF('tab4'!$C1221=1,1,IF('tab4'!$C1221=4,2,IF('tab4'!$C1221=5,3,IF('tab4'!$C1221=6,4,IF(AND('tab4'!$C1221=80,$X$2=2),0,-1)))))) -> 0 | O1221: =D1221 -> 0 | P1221: =E1221 -> 0 | Q1221: =F1221 -> 0 | R1221: =G1221 -> 0 | S1221: =IF(HEX2DEC(H1221) >= 32768, (HEX2DEC(H1221) - 65535 - 1)/10, IF(HEX2DEC(H1221) = 32767, IF($X$2=2, S1222, 32767), HEX2DEC(H1221)/10 )) -> 6.2 | T1221: =IF(HEX2DEC(I1221) >= 32768, (HEX2DEC(I1221) - 65535 - 1)/10, IF(HEX2DEC(I1221) = 32767, IF($X$2=2, T1222, 32767), HEX2DEC(I1221)/10 )) -> 5.9 | U1221: =IF(HEX2DEC(J1221) >= 32768, (HEX2DEC(J1221) - 65535 - 1)/10, IF(HEX2DEC(J1221) = 32767, IF($X$2=2, U1222, 32767), IF(OR(AND(H1221="7fff", I1221="7fff", J1221="0",$X$2=2),AND(ABS(T1221)>2, J1221="0",$X$2=2)),U1222,HEX2DEC(J1221)/10 ))) -> 5.9
A1222: 65c0626d | B1222: 0 | C1222: 0 | D1222: 0 | E1222: 0 | F1222: 0 | G1222: 0 | H1222: 56 | I1222: 54 | J1222: 5a | L1222: =IF(AND((((HEX2DEC(A1222)/60)/60)/24)+DATE(1970,1,1) >= DATE(YEAR((((HEX2DEC(A1222)/60)/60)/24)+DATE(1970,1,1)),3,24)+WEEKDAY(DATE(YEAR((((HEX2DEC(A1222)/60)/60)/24)+DATE(1970,1,1)),3,31)-1), (((HEX2DEC(A1222)/60)/60)/24)+DATE(1970,1,1) < DATE(YEAR((((HEX2DEC(A1222)/60)/60)/24)+DATE(1970,1,1)),11,1)+26-WEEKDAY(DATE(YEAR((((HEX2DEC(A1222)/60)/60)/24)+DATE(1970,1,1)),11,1)-1)),(((HEX2DEC(A1222)/60)/60)/24)+DATE(1970,1,1)+2/24,(((HEX2DEC(A1222)/60)/60)/24)+DATE(1970,1,1)+1/24) -> 45327.224 | M1222: =IF('tab4'!$B1222=0,0,IF('tab4'!$B1222=1,1,IF('tab4'!$B1222=4,2,IF('tab4'!$B1222=5,3,IF('tab4'!$B1222=6,4,IF(AND('tab4'!$B1222=80,$X$2=2),0,-1)))))) -> 0 | N1222: =IF('tab4'!$C1222=0,0,IF('tab4'!$C1222=1,1,IF('tab4'!$C1222=4,2,IF('tab4'!$C1222=5,3,IF('tab4'!$C1222=6,4,IF(AND('tab4'!$C1222=80,$X$2=2),0,-1)))))) -> 0 | O1222: =D1222 -> 0 | P1222: =E1222 -> 0 | Q1222: =F1222 -> 0 | R1222: =G1222 -> 0 | S1222: =IF(HEX2DEC(H1222) >= 32768, (HEX2DEC(H1222) - 65535 - 1)/10, IF(HEX2DEC(H1222) = 32767, IF($X$2=2, S1223, 32767), HEX2DEC(H1222)/10 )) -> 8.6 | T1222: =IF(HEX2DEC(I1222) >= 32768, (HEX2DEC(I1222) - 65535 - 1)/10, IF(HEX2DEC(I1222) = 32767, IF($X$2=2, T1223, 32767), HEX2DEC(I1222)/10 )) -> 8.4 | U1222: =IF(HEX2DEC(J1222) >= 32768, (HEX2DEC(J1222) - 65535 - 1)/10, IF(HEX2DEC(J1222) = 32767, IF($X$2=2, U1223, 32767), IF(OR(AND(H1222="7fff", I1222="7fff", J1222="0",$X$2=2),AND(ABS(T1222)>2, J1222="0",$X$2=2)),U1223,HEX2DEC(J1222)/10 ))) -> 9
A1223: 65c07e8d | B1223: 0 | C1223: 0 | D1223: 0 | E1223: 0 | F1223: 0 | G1223: 0 | H1223: 5a | I1223: 58 | J1223: 5a | L1223: =IF(AND((((HEX2DEC(A1223)/60)/60)/24)+DATE(1970,1,1) >= DATE(YEAR((((HEX2DEC(A1223)/60)/60)/24)+DATE(1970,1,1)),3,24)+WEEKDAY(DATE(YEAR((((HEX2DEC(A1223)/60)/60)/24)+DATE(1970,1,1)),3,31)-1), (((HEX2DEC(A1223)/60)/60)/24)+DATE(1970,1,1) < DATE(YEAR((((HEX2DEC(A1223)/60)/60)/24)+DATE(1970,1,1)),11,1)+26-WEEKDAY(DATE(YEAR((((HEX2DEC(A1223)/60)/60)/24)+DATE(1970,1,1)),11,1)-1)),(((HEX2DEC(A1223)/60)/60)/24)+DATE(1970,1,1)+2/24,(((HEX2DEC(A1223)/60)/60)/24)+DATE(1970,1,1)+1/24) -> 45327.307 | M1223: =IF('tab4'!$B1223=0,0,IF('tab4'!$B1223=1,1,IF('tab4'!$B1223=4,2,IF('tab4'!$B1223=5,3,IF('tab4'!$B1223=6,4,IF(AND('tab4'!$B1223=80,$X$2=2),0,-1)))))) -> 0 | N1223: =IF('tab4'!$C1223=0,0,IF('tab4'!$C1223=1,1,IF('tab4'!$C1223=4,2,IF('tab4'!$C1223=5,3,IF('tab4'!$C1223=6,4,IF(AND('tab4'!$C1223=80,$X$2=2),0,-1)))))) -> 0 | O1223: =D1223 -> 0 | P1223: =E1223 -> 0 | Q1223: =F1223 -> 0 | R1223: =G1223 -> 0 | S1223: =IF(HEX2DEC(H1223) >= 32768, (HEX2DEC(H1223) - 65535 - 1)/10, IF(HEX2DEC(H1223) = 32767, IF($X$2=2, S1224, 32767), HEX2DEC(H1223)/10 )) -> 9 | T1223: =IF(HEX2DEC(I1223) >= 32768, (HEX2DEC(I1223) - 65535 - 1)/10, IF(HEX2DEC(I1223) = 32767, IF($X$2=2, T1224, 32767), HEX2DEC(I1223)/10 )) -> 8.8 | U1223: =IF(HEX2DEC(J1223) >= 32768, (HEX2DEC(J1223) - 65535 - 1)/10, IF(HEX2DEC(J1223) = 32767, IF($X$2=2, U1224, 32767), IF(OR(AND(H1223="7fff", I1223="7fff", J1223="0",$X$2=2),AND(ABS(T1223)>2, J1223="0",$X$2=2)),U1224,HEX2DEC(J1223)/10 ))) -> 9
A1224: 65c09aad | B1224: 0 | C1224: 0 | D1224: 0 | E1224: 0 | F1224: 0 | G1224: 0 | H1224: 61 | I1224: 61 | J1224: 61 | L1224: =IF(AND((((HEX2DEC(A1224)/60)/60)/24)+DATE(1970,1,1) >= DATE(YEAR((((HEX2DEC(A1224)/60)/60)/24)+DATE(1970,1,1)),3,24)+WEEKDAY(DATE(YEAR((((HEX2DEC(A1224)/60)/60)/24)+DATE(1970,1,1)),3,31)-1), (((HEX2DEC(A1224)/60)/60)/24)+DATE(1970,1,1) < DATE(YEAR((((HEX2DEC(A1224)/60)/60)/24)+DATE(1970,1,1)),11,1)+26-WEEKDAY(DATE(YEAR((((HEX2DEC(A1224)/60)/60)/24)+DATE(1970,1,1)),11,1)-1)),(((HEX2DEC(A1224)/60)/60)/24)+DATE(1970,1,1)+2/24,(((HEX2DEC(A1224)/60)/60)/24)+DATE(1970,1,1)+1/24) -> 45327.39 | M1224: =IF('tab4'!$B1224=0,0,IF('tab4'!$B1224=1,1,IF('tab4'!$B1224=4,2,IF('tab4'!$B1224=5,3,IF('tab4'!$B1224=6,4,IF(AND('tab4'!$B1224=80,$X$2=2),0,-1)))))) -> 0 | N1224: =IF('tab4'!$C1224=0,0,IF('tab4'!$C1224=1,1,IF('tab4'!$C1224=4,2,IF('tab4'!$C1224=5,3,IF('tab4'!$C1224=6,4,IF(AND('tab4'!$C1224=80,$X$2=2),0,-1)))))) -> 0 | O1224: =D1224 -> 0 | P1224: =E1224 -> 0 | Q1224: =F1224 -> 0 | R1224: =G1224 -> 0 | S1224: =IF(HEX2DEC(H1224) >= 32768, (HEX2DEC(H1224) - 65535 - 1)/10, IF(HEX2DEC(H1224) = 32767, IF($X$2=2, S1225, 32767), HEX2DEC(H1224)/10 )) -> 9.7 | T1224: =IF(HEX2DEC(I1224) >= 32768, (HEX2DEC(I1224) - 65535 - 1)/10, IF(HEX2DEC(I1224) = 32767, IF($X$2=2, T1225, 32767), HEX2DEC(I1224)/10 )) -> 9.7 | U1224: =IF(HEX2DEC(J1224) >= 32768, (HEX2DEC(J1224) - 65535 - 1)/10, IF(HEX2DEC(J1224) = 32767, IF($X$2=2, U1225, 32767), IF(OR(AND(H1224="7fff", I1224="7fff", J1224="0",$X$2=2),AND(ABS(T1224)>2, J1224="0",$X$2=2)),U1225,HEX2DEC(J1224)/10 ))) -> 9.7
A1225: 65c0b6ce | B1225: 0 | C1225: 0 | D1225: 0 | E1225: 0 | F1225: 0 | G1225: 0 | H1225: 64 | I1225: 64 | J1225: 63 | L1225: =IF(AND((((HEX2DEC(A1225)/60)/60)/24)+DATE(1970,1,1) >= DATE(YEAR((((HEX2DEC(A1225)/60)/60)/24)+DATE(1970,1,1)),3,24)+WEEKDAY(DATE(YEAR((((HEX2DEC(A1225)/60)/60)/24)+DATE(1970,1,1)),3,31)-1), (((HEX2DEC(A1225)/60)/60)/24)+DATE(1970,1,1) < DATE(YEAR((((HEX2DEC(A1225)/60)/60)/24)+DATE(1970,1,1)),11,1)+26-WEEKDAY(DATE(YEAR((((HEX2DEC(A1225)/60)/60)/24)+DATE(1970,1,1)),11,1)-1)),(((HEX2DEC(A1225)/60)/60)/24)+DATE(1970,1,1)+2/24,(((HEX2DEC(A1225)/60)/60)/24)+DATE(1970,1,1)+1/24) -> 45327.474 | M1225: =IF('tab4'!$B1225=0,0,IF('tab4'!$B1225=1,1,IF('tab4'!$B1225=4,2,IF('tab4'!$B1225=5,3,IF('tab4'!$B1225=6,4,IF(AND('tab4'!$B1225=80,$X$2=2),0,-1)))))) -> 0 | N1225: =IF('tab4'!$C1225=0,0,IF('tab4'!$C1225=1,1,IF('tab4'!$C1225=4,2,IF('tab4'!$C1225=5,3,IF('tab4'!$C1225=6,4,IF(AND('tab4'!$C1225=80,$X$2=2),0,-1)))))) -> 0 | O1225: =D1225 -> 0 | P1225: =E1225 -> 0 | Q1225: =F1225 -> 0 | R1225: =G1225 -> 0 | S1225: =IF(HEX2DEC(H1225) >= 32768, (HEX2DEC(H1225) - 65535 - 1)/10, IF(HEX2DEC(H1225) = 32767, IF($X$2=2, S1226, 32767), HEX2DEC(H1225)/10 )) -> 10 | T1225: =IF(HEX2DEC(I1225) >= 32768, (HEX2DEC(I1225) - 65535 - 1)/10, IF(HEX2DEC(I1225) = 32767, IF($X$2=2, T1226, 32767), HEX2DEC(I1225)/10 )) -> 10 | U1225: =IF(HEX2DEC(J1225) >= 32768, (HEX2DEC(J1225) - 65535 - 1)/10, IF(HEX2DEC(J1225) = 32767, IF($X$2=2, U1226, 32767), IF(OR(AND(H1225="7fff", I1225="7fff", J1225="0",$X$2=2),AND(ABS(T1225)>2, J1225="0",$X$2=2)),U1226,HEX2DEC(J1225)/10 ))) -> 9.9
A1226: 65c0d2ee | B1226: 0 | C1226: 0 | D1226: 0 | E1226: 0 | F1226: 0 | G1226: 0 | H1226: 65 | I1226: 65 | J1226: 6a | L1226: =IF(AND((((HEX2DEC(A1226)/60)/60)/24)+DATE(1970,1,1) >= DATE(YEAR((((HEX2DEC(A1226)/60)/60)/24)+DATE(1970,1,1)),3,24)+WEEKDAY(DATE(YEAR((((HEX2DEC(A1226)/60)/60)/24)+DATE(1970,1,1)),3,31)-1), (((HEX2DEC(A1226)/60)/60)/24)+DATE(1970,1,1) < DATE(YEAR((((HEX2DEC(A1226)/60)/60)/24)+DATE(1970,1,1)),11,1)+26-WEEKDAY(DATE(YEAR((((HEX2DEC(A1226)/60)/60)/24)+DATE(1970,1,1)),11,1)-1)),(((HEX2DEC(A1226)/60)/60)/24)+DATE(1970,1,1)+2/24,(((HEX2DEC(A1226)/60)/60)/24)+DATE(1970,1,1)+1/24) -> 45327.557 | M1226: =IF('tab4'!$B1226=0,0,IF('tab4'!$B1226=1,1,IF('tab4'!$B1226=4,2,IF('tab4'!$B1226=5,3,IF('tab4'!$B1226=6,4,IF(AND('tab4'!$B1226=80,$X$2=2),0,-1)))))) -> 0 | N1226: =IF('tab4'!$C1226=0,0,IF('tab4'!$C1226=1,1,IF('tab4'!$C1226=4,2,IF('tab4'!$C1226=5,3,IF('tab4'!$C1226=6,4,IF(AND('tab4'!$C1226=80,$X$2=2),0,-1)))))) -> 0 | O1226: =D1226 -> 0 | P1226: =E1226 -> 0 | Q1226: =F1226 -> 0 | R1226: =G1226 -> 0 | S1226: =IF(HEX2DEC(H1226) >= 32768, (HEX2DEC(H1226) - 65535 - 1)/10, IF(HEX2DEC(H1226) = 32767, IF($X$2=2, S1227, 32767), HEX2DEC(H1226)/10 )) -> 10.1 | T1226: =IF(HEX2DEC(I1226) >= 32768, (HEX2DEC(I1226) - 65535 - 1)/10, IF(HEX2DEC(I1226) = 32767, IF($X$2=2, T1227, 32767), HEX2DEC(I1226)/10 )) -> 10.1 | U1226: =IF(HEX2DEC(J1226) >= 32768, (HEX2DEC(J1226) - 65535 - 1)/10, IF(HEX2DEC(J1226) = 32767, IF($X$2=2, U1227, 32767), IF(OR(AND(H1226="7fff", I1226="7fff", J1226="0",$X$2=2),AND(ABS(T1226)>2, J1226="0",$X$2=2)),U1227,HEX2DEC(J1226)/10 ))) -> 10.6
A1227: 65c0ef0e | B1227: 0 | C1227: 0 | D1227: 0 | E1227: 0 | F1227: 0 | G1227: 0 | H1227: 62 | I1227: 63 | J1227: 6a | L1227: =IF(AND((((HEX2DEC(A1227)/60)/60)/24)+DATE(1970,1,1) >= DATE(YEAR((((HEX2DEC(A1227)/60)/60)/24)+DATE(1970,1,1)),3,24)+WEEKDAY(DATE(YEAR((((HEX2DEC(A1227)/60)/60)/24)+DATE(1970,1,1)),3,31)-1), (((HEX2DEC(A1227)/60)/60)/24)+DATE(1970,1,1) < DATE(YEAR((((HEX2DEC(A1227)/60)/60)/24)+DATE(1970,1,1)),11,1)+26-WEEKDAY(DATE(YEAR((((HEX2DEC(A1227)/60)/60)/24)+DATE(1970,1,1)),11,1)-1)),(((HEX2DEC(A1227)/60)/60)/24)+DATE(1970,1,1)+2/24,(((HEX2DEC(A1227)/60)/60)/24)+DATE(1970,1,1)+1/24) -> 45327.64 | M1227: =IF('tab4'!$B1227=0,0,IF('tab4'!$B1227=1,1,IF('tab4'!$B1227=4,2,IF('tab4'!$B1227=5,3,IF('tab4'!$B1227=6,4,IF(AND('tab4'!$B1227=80,$X$2=2),0,-1)))))) -> 0 | N1227: =IF('tab4'!$C1227=0,0,IF('tab4'!$C1227=1,1,IF('tab4'!$C1227=4,2,IF('tab4'!$C1227=5,3,IF('tab4'!$C1227=6,4,IF(AND('tab4'!$C1227=80,$X$2=2),0,-1)))))) -> 0 | O1227: =D1227 -> 0 | P1227: =E1227 -> 0 | Q1227: =F1227 -> 0 | R1227: =G1227 -> 0 | S1227: =IF(HEX2DEC(H1227) >= 32768, (HEX2DEC(H1227) - 65535 - 1)/10, IF(HEX2DEC(H1227) = 32767, IF($X$2=2, S1228, 32767), HEX2DEC(H1227)/10 )) -> 9.8 | T1227: =IF(HEX2DEC(I1227) >= 32768, (HEX2DEC(I1227) - 65535 - 1)/10, IF(HEX2DEC(I1227) = 32767, IF($X$2=2, T1228, 32767), HEX2DEC(I1227)/10 )) -> 9.9 | U1227: =IF(HEX2DEC(J1227) >= 32768, (HEX2DEC(J1227) - 65535 - 1)/10, IF(HEX2DEC(J1227) = 32767, IF($X$2=2, U1228, 32767), IF(OR(AND(H1227="7fff", I1227="7fff", J1227="0",$X$2=2),AND(ABS(T1227)>2, J1227="0",$X$2=2)),U1228,HEX2DEC(J1227)/10 ))) -> 10.6
A1228: 65c10b2f | B1228: 0 | C1228: 0 | D1228: 0 | E1228: 0 | F1228: 0 | G1228: 0 | H1228: 63 | I1228: 64 | J1228: 69 | L1228: =IF(AND((((HEX2DEC(A1228)/60)/60)/24)+DATE(1970,1,1) >= DATE(YEAR((((HEX2DEC(A1228)/60)/60)/24)+DATE(1970,1,1)),3,24)+WEEKDAY(DATE(YEAR((((HEX2DEC(A1228)/60)/60)/24)+DATE(1970,1,1)),3,31)-1), (((HEX2DEC(A1228)/60)/60)/24)+DATE(1970,1,1) < DATE(YEAR((((HEX2DEC(A1228)/60)/60)/24)+DATE(1970,1,1)),11,1)+26-WEEKDAY(DATE(YEAR((((HEX2DEC(A1228)/60)/60)/24)+DATE(1970,1,1)),11,1)-1)),(((HEX2DEC(A1228)/60)/60)/24)+DATE(1970,1,1)+2/24,(((HEX2DEC(A1228)/60)/60)/24)+DATE(1970,1,1)+1/24) -> 45327.724 | M1228: =IF('tab4'!$B1228=0,0,IF('tab4'!$B1228=1,1,IF('tab4'!$B1228=4,2,IF('tab4'!$B1228=5,3,IF('tab4'!$B1228=6,4,IF(AND('tab4'!$B1228=80,$X$2=2),0,-1)))))) -> 0 | N1228: =IF('tab4'!$C1228=0,0,IF('tab4'!$C1228=1,1,IF('tab4'!$C1228=4,2,IF('tab4'!$C1228=5,3,IF('tab4'!$C1228=6,4,IF(AND('tab4'!$C1228=80,$X$2=2),0,-1)))))) -> 0 | O1228: =D1228 -> 0 | P1228: =E1228 -> 0 | Q1228: =F1228 -> 0 | R1228: =G1228 -> 0 | S1228: =IF(HEX2DEC(H1228) >= 32768, (HEX2DEC(H1228) - 65535 - 1)/10, IF(HEX2DEC(H1228) = 32767, IF($X$2=2, S1229, 32767), HEX2DEC(H1228)/10 )) -> 9.9 | T1228: =IF(HEX2DEC(I1228) >= 32768, (HEX2DEC(I1228) - 65535 - 1)/10, IF(HEX2DEC(I1228) = 32767, IF($X$2=2, T1229, 32767), HEX2DEC(I1228)/10 )) -> 10 | U1228: =IF(HEX2DEC(J1228) >= 32768, (HEX2DEC(J1228) - 65535 - 1)/10, IF(HEX2DEC(J1228) = 32767, IF($X$2=2, U1229, 32767), IF(OR(AND(H1228="7fff", I1228="7fff", J1228="0",$X$2=2),AND(ABS(T1228)>2, J1228="0",$X$2=2)),U1229,HEX2DEC(J1228)/10 ))) -> 10.5
A1229: 65c1274f | B1229: 0 | C1229: 0 | D1229: 0 | E1229: 0 | F1229: 0 | G1229: 0 | H1229: 63 | I1229: 62 | J1229: 6b | L1229: =IF(AND((((HEX2DEC(A1229)/60)/60)/24)+DATE(1970,1,1) >= DATE(YEAR((((HEX2DEC(A1229)/60)/60)/24)+DATE(1970,1,1)),3,24)+WEEKDAY(DATE(YEAR((((HEX2DEC(A1229)/60)/60)/24)+DATE(1970,1,1)),3,31)-1), (((HEX2DEC(A1229)/60)/60)/24)+DATE(1970,1,1) < DATE(YEAR((((HEX2DEC(A1229)/60)/60)/24)+DATE(1970,1,1)),11,1)+26-WEEKDAY(DATE(YEAR((((HEX2DEC(A1229)/60)/60)/24)+DATE(1970,1,1)),11,1)-1)),(((HEX2DEC(A1229)/60)/60)/24)+DATE(1970,1,1)+2/24,(((HEX2DEC(A1229)/60)/60)/24)+DATE(1970,1,1)+1/24) -> 45327.807 | M1229: =IF('tab4'!$B1229=0,0,IF('tab4'!$B1229=1,1,IF('tab4'!$B1229=4,2,IF('tab4'!$B1229=5,3,IF('tab4'!$B1229=6,4,IF(AND('tab4'!$B1229=80,$X$2=2),0,-1)))))) -> 0 | N1229: =IF('tab4'!$C1229=0,0,IF('tab4'!$C1229=1,1,IF('tab4'!$C1229=4,2,IF('tab4'!$C1229=5,3,IF('tab4'!$C1229=6,4,IF(AND('tab4'!$C1229=80,$X$2=2),0,-1)))))) -> 0 | O1229: =D1229 -> 0 | P1229: =E1229 -> 0 | Q1229: =F1229 -> 0 | R1229: =G1229 -> 0 | S1229: =IF(HEX2DEC(H1229) >= 32768, (HEX2DEC(H1229) - 65535 - 1)/10, IF(HEX2DEC(H1229) = 32767, IF($X$2=2, S1230, 32767), HEX2DEC(H1229)/10 )) -> 9.9 | T1229: =IF(HEX2DEC(I1229) >= 32768, (HEX2DEC(I1229) - 65535 - 1)/10, IF(HEX2DEC(I1229) = 32767, IF($X$2=2, T1230, 32767), HEX2DEC(I1229)/10 )) -> 9.8 | U1229: =IF(HEX2DEC(J1229) >= 32768, (HEX2DEC(J1229) - 65535 - 1)/10, IF(HEX2DEC(J1229) = 32767, IF($X$2=2, U1230, 32767), IF(OR(AND(H1229="7fff", I1229="7fff", J1229="0",$X$2=2),AND(ABS(T1229)>2, J1229="0",$X$2=2)),U1230,HEX2DEC(J1229)/10 ))) -> 10.7
A1230: 65c1436f | B1230: 0 | C1230: 0 | D1230: 0 | E1230: 0 | F1230: 0 | G1230: 0 | H1230: 64 | I1230: 62 | J1230: 67 | L1230: =IF(AND((((HEX2DEC(A1230)/60)/60)/24)+DATE(1970,1,1) >= DATE(YEAR((((HEX2DEC(A1230)/60)/60)/24)+DATE(1970,1,1)),3,24)+WEEKDAY(DATE(YEAR((((HEX2DEC(A1230)/60)/60)/24)+DATE(1970,1,1)),3,31)-1), (((HEX2DEC(A1230)/60)/60)/24)+DATE(1970,1,1) < DATE(YEAR((((HEX2DEC(A1230)/60)/60)/24)+DATE(1970,1,1)),11,1)+26-WEEKDAY(DATE(YEAR((((HEX2DEC(A1230)/60)/60)/24)+DATE(1970,1,1)),11,1)-1)),(((HEX2DEC(A1230)/60)/60)/24)+DATE(1970,1,1)+2/24,(((HEX2DEC(A1230)/60)/60)/24)+DATE(1970,1,1)+1/24) -> 45327.89 | M1230: =IF('tab4'!$B1230=0,0,IF('tab4'!$B1230=1,1,IF('tab4'!$B1230=4,2,IF('tab4'!$B1230=5,3,IF('tab4'!$B1230=6,4,IF(AND('tab4'!$B1230=80,$X$2=2),0,-1)))))) -> 0 | N1230: =IF('tab4'!$C1230=0,0,IF('tab4'!$C1230=1,1,IF('tab4'!$C1230=4,2,IF('tab4'!$C1230=5,3,IF('tab4'!$C1230=6,4,IF(AND('tab4'!$C1230=80,$X$2=2),0,-1)))))) -> 0 | O1230: =D1230 -> 0 | P1230: =E1230 -> 0 | Q1230: =F1230 -> 0 | R1230: =G1230 -> 0 | S1230: =IF(HEX2DEC(H1230) >= 32768, (HEX2DEC(H1230) - 65535 - 1)/10, IF(HEX2DEC(H1230) = 32767, IF($X$2=2, S1231, 32767), HEX2DEC(H1230)/10 )) -> 10 | T1230: =IF(HEX2DEC(I1230) >= 32768, (HEX2DEC(I1230) - 65535 - 1)/10, IF(HEX2DEC(I1230) = 32767, IF($X$2=2, T1231, 32767), HEX2DEC(I1230)/10 )) -> 9.8 | U1230: =IF(HEX2DEC(J1230) >= 32768, (HEX2DEC(J1230) - 65535 - 1)/10, IF(HEX2DEC(J1230) = 32767, IF($X$2=2, U1231, 32767), IF(OR(AND(H1230="7fff", I1230="7fff", J1230="0",$X$2=2),AND(ABS(T1230)>2, J1230="0",$X$2=2)),U1231,HEX2DEC(J1230)/10 ))) -> 10.3
A1231: 65c15f90 | B1231: 0 | C1231: 0 | D1231: 0 | E1231: 0 | F1231: 0 | G1231: 0 | H1231: 63 | I1231: 61 | J1231: 67 | L1231: =IF(AND((((HEX2DEC(A1231)/60)/60)/24)+DATE(1970,1,1) >= DATE(YEAR((((HEX2DEC(A1231)/60)/60)/24)+DATE(1970,1,1)),3,24)+WEEKDAY(DATE(YEAR((((HEX2DEC(A1231)/60)/60)/24)+DATE(1970,1,1)),3,31)-1), (((HEX2DEC(A1231)/60)/60)/24)+DATE(1970,1,1) < DATE(YEAR((((HEX2DEC(A1231)/60)/60)/24)+DATE(1970,1,1)),11,1)+26-WEEKDAY(DATE(YEAR((((HEX2DEC(A1231)/60)/60)/24)+DATE(1970,1,1)),11,1)-1)),(((HEX2DEC(A1231)/60)/60)/24)+DATE(1970,1,1)+2/24,(((HEX2DEC(A1231)/60)/60)/24)+DATE(1970,1,1)+1/24) -> 45327.974 | M1231: =IF('tab4'!$B1231=0,0,IF('tab4'!$B1231=1,1,IF('tab4'!$B1231=4,2,IF('tab4'!$B1231=5,3,IF('tab4'!$B1231=6,4,IF(AND('tab4'!$B1231=80,$X$2=2),0,-1)))))) -> 0 | N1231: =IF('tab4'!$C1231=0,0,IF('tab4'!$C1231=1,1,IF('tab4'!$C1231=4,2,IF('tab4'!$C1231=5,3,IF('tab4'!$C1231=6,4,IF(AND('tab4'!$C1231=80,$X$2=2),0,-1)))))) -> 0 | O1231: =D1231 -> 0 | P1231: =E1231 -> 0 | Q1231: =F1231 -> 0 | R1231: =G1231 -> 0 | S1231: =IF(HEX2DEC(H1231) >= 32768, (HEX2DEC(H1231) - 65535 - 1)/10, IF(HEX2DEC(H1231) = 32767, IF($X$2=2, S1232, 32767), HEX2DEC(H1231)/10 )) -> 9.9 | T1231: =IF(HEX2DEC(I1231) >= 32768, (HEX2DEC(I1231) - 65535 - 1)/10, IF(HEX2DEC(I1231) = 32767, IF($X$2=2, T1232, 32767), HEX2DEC(I1231)/10 )) -> 9.7 | U1231: =IF(HEX2DEC(J1231) >= 32768, (HEX2DEC(J1231) - 65535 - 1)/10, IF(HEX2DEC(J1231) = 32767, IF($X$2=2, U1232, 32767), IF(OR(AND(H1231="7fff", I1231="7fff", J1231="0",$X$2=2),AND(ABS(T1231)>2, J1231="0",$X$2=2)),U1232,HEX2DEC(J1231)/10 ))) -> 10.3
...
